address,tx_count_out,total_eth_out,total_usd_out,avg_tx_eth,median_tx_eth,max_tx_eth,std_tx_eth,unique_receivers,exchange_ratio,top1_receiver_ratio,round_number_ratio,avg_gas_gwei,gas_variability,hour_entropy,active_days,avg_interval_hours,net_flow_eth,block_span,is_known_exchange,first_seen,last_seen,label,label_confidence
0x0003B5Aa5E30E97FcC596BB5D0F3A75255E08D4e,2,173.0499,376460.77,86.525,86.525,149.9999,63.475,2,0.0,0.8668,0.5,2.6827,0.6552,1.0,1,0.5467,633.2003,164,0,2026-03-25T16:28:11,2026-03-25T17:00:59,accumulator,0.7285714285714286
0x0294e5bcceC487802a7150263464Db408D01a11c,1,13.912,30098.18,13.912,13.912,13.912,0.0,1,0.0,1.0,0.0,0.1205,0.0,0.0,1,,-13.912,0,0,2026-03-25T16:08:35,2026-03-25T16:08:35,unknown_whale,0.3
0x0503b4D6B8bB49d9275155F95f27646871Ad1Dc2,1,26.0,56602.0,26.0,26.0,26.0,0.0,1,0.0,1.0,0.0,2.0854,0.0,0.0,1,,-26.0,0,0,2026-03-25T16:54:11,2026-03-25T16:54:11,unknown_whale,0.3
0x0529ea5885702715e83923c59746ae8734c553B7,1,66.3583,143653.11,66.3583,66.3583,66.3583,0.0,1,0.0,1.0,0.0,0.0893,0.0,0.0,1,,-66.3583,0,0,2026-03-25T17:39:35,2026-03-25T17:39:35,unknown_whale,0.3
0x05Be08c37A79AA8f54dbe8af58A9A178890Ee054,1,391.86,848905.91,391.86,391.86,391.86,0.0,1,0.0,1.0,0.0,0.4,0.0,0.0,1,,0.0,0,0,2026-03-25T17:32:23,2026-03-25T17:32:23,accumulator,0.8285714285714286
0x05C24F0bA29AdD38ECfab0Cc43a2EE4a89D1B8D2,1,14.1104,30520.8,14.1104,14.1104,14.1104,0.0,1,0.0,1.0,0.0,0.3865,0.0,0.0,1,,-14.1104,0,0,2026-03-25T17:36:59,2026-03-25T17:36:59,unknown_whale,0.3
0x07764eC5678d84424453de4d759Bb52C777297E4,1,40.0,87205.96,40.0,40.0,40.0,0.0,1,0.0,1.0,0.0,0.104,0.0,0.0,1,,0.0,0,0,2026-03-25T16:39:35,2026-03-25T16:39:35,accumulator,0.8285714285714286
0x07A15c09acA7d266e690D092bfE5ad254A5E4F81,1,51.0,111139.2,51.0,51.0,51.0,0.0,1,0.0,1.0,0.0,0.204,0.0,0.0,1,,-51.0,0,0,2026-03-25T16:32:23,2026-03-25T16:32:23,unknown_whale,0.3
0x07aE8551Be970cB1cCa11Dd7a11F47Ae82e70E67,2,295.8201,643988.71,147.91,147.91,228.2177,80.3076,1,0.0,1.0,0.0,0.1403,0.0122,1.0,1,0.4533,0.0004,135,0,2026-03-25T16:34:47,2026-03-25T17:01:59,accumulator,0.7285714285714286
0x083059bcf35e4d458d381f25314404D8a6F787Ef,1,27.0,58491.45,27.0,27.0,27.0,0.0,1,0.0,1.0,0.0,0.0969,0.0,0.0,1,,0.0,0,0,2026-03-25T17:32:23,2026-03-25T17:32:23,accumulator,0.8285714285714286
0x08dC8ffC2Db71EA07537D1328B3be0799b604396,1,62.5299,136081.42,62.5299,62.5299,62.5299,0.0,1,1.0,1.0,0.0,0.315,0.0,0.0,1,,0.0001,0,0,2026-03-25T16:30:35,2026-03-25T16:30:35,exchange_depositor,1.0
0x09A591F0e4fa0abaC08F05bC0916c51EE34c1A1b,1,18.6527,40598.74,18.6527,18.6527,18.6527,0.0,1,0.0,1.0,0.0,0.1136,0.0,0.0,1,,-18.6527,0,0,2026-03-25T16:45:35,2026-03-25T16:45:35,unknown_whale,0.3
0x0A241D276B323EcFC124b3F029C1C2CF63C67128,1,15.4287,0.0,15.4287,15.4287,15.4287,0.0,1,0.0,1.0,0.0,2.107,0.0,0.0,1,,-15.4287,0,0,2026-03-25T17:43:23,2026-03-25T17:43:23,unknown_whale,0.3
0x0C329C0566476e4c3dc7692842EEeFB580e6d368,1,99.0977,215101.41,99.0977,99.0977,99.0977,0.0,1,0.0,1.0,1.0,0.2129,0.0,0.0,1,,-99.0977,0,0,2026-03-25T17:07:11,2026-03-25T17:07:11,unknown_whale,0.3
0x0CdF46fc98005A28e5C78E79e5Bb6aB0ABdAf3ba,1,39.2201,84780.06,39.2201,39.2201,39.2201,0.0,1,0.0,1.0,0.0,1.0,0.0,0.0,1,,0.0022,0,0,2026-03-25T16:10:59,2026-03-25T16:10:59,accumulator,0.8285714285714286
0x0D0707963952f2fBA59dD06f2b425ace40b492Fe,1,177.6856,386228.05,177.6856,177.6856,177.6856,0.0,1,0.0,1.0,0.0,1.0744,0.0,0.0,1,,534.4201,0,1,2026-03-25T16:59:35,2026-03-25T16:59:35,exchange_depositor,0.0
0x0D97072a44CAe67D69306EaCd8870057C6F08D1e,1,13.0,28281.63,13.0,13.0,13.0,0.0,1,0.0,1.0,0.0,0.2019,0.0,0.0,1,,-13.0,0,0,2026-03-25T16:28:47,2026-03-25T16:28:47,unknown_whale,0.3
0x0b2fDF416Cf2951499dE9A1aDaC65c8e9907C8C2,1,1198.9999,2610222.74,1198.9999,1198.9999,1198.9999,0.0,1,1.0,1.0,0.0,0.3223,0.0,0.0,1,,-1198.9999,0,0,2026-03-25T16:35:59,2026-03-25T16:35:59,exchange_depositor,1.0
0x0cA1B34306310ca4Fe81C82251BB72978ebbEeCf,1,165.7796,359075.34,165.7796,165.7796,165.7796,0.0,1,0.0,1.0,0.0,2.0905,0.0,0.0,1,,-165.7796,0,0,2026-03-25T17:35:47,2026-03-25T17:35:47,unknown_whale,0.3
0x0e898B985E6a57f73D71531d60127Ef69315287B,1,31.8621,68830.64,31.8621,31.8621,31.8621,0.0,1,0.0,1.0,0.0,0.1155,0.0,0.0,1,,-19.5183,0,0,2026-03-25T16:03:23,2026-03-25T16:03:23,unknown_whale,0.3
0x11261e7dAb0521C04A5c58776807b76E97fAc7Aa,1,4228.877,9233625.96,4228.877,4228.877,4228.877,0.0,1,1.0,1.0,0.0,1.0801,0.0,0.0,1,,0.0,0,0,2026-03-25T16:25:35,2026-03-25T16:25:35,exchange_depositor,1.0
0x1157A2076b9bB22a85CC2C162f20fAB3898F4101,3,50024.9796,108209710.02,16674.9932,25000.0,25000.0,11773.3375,2,0.0,0.9995,0.3333,0.1227,0.015,0.0,1,0.08,-24.9796,48,0,2026-03-25T16:07:59,2026-03-25T16:17:35,unknown_whale,0.3
0x12Dc7EF2c7E1b5FBaf88c05BF23da6335e3847C2,1,11.2967,24563.25,11.2967,11.2967,11.2967,0.0,1,0.0,1.0,0.0,1.0827,0.0,0.0,1,,0.0,0,0,2026-03-25T16:57:11,2026-03-25T16:57:11,accumulator,0.8285714285714286
0x136cC8348c08BDa7B215fb3Fa6AB3b197c5846f6,1,19.3684,41957.28,19.3684,19.3684,19.3684,0.0,1,0.0,1.0,0.0,0.096,0.0,0.0,1,,-5.532,0,0,2026-03-25T17:30:11,2026-03-25T17:30:11,unknown_whale,0.3
0x1481e58411608B2d628Ef305b92B01cF4f83DB70,1,23.0984,50063.55,23.0984,23.0984,23.0984,0.0,1,0.0,1.0,0.0,0.1241,0.0,0.0,1,,-0.11,0,0,2026-03-25T17:18:23,2026-03-25T17:18:23,unknown_whale,0.3
0x14F77f6646aD04E677a81150a47E19c51b8800ea,1,186.0,403486.06,186.0,186.0,186.0,0.0,1,1.0,1.0,0.0,0.2994,0.0,0.0,1,,0.0,0,0,2026-03-25T17:22:59,2026-03-25T17:22:59,exchange_depositor,1.0
0x15F46551F5D736C9b8861C1D1358e29183F7A6C7,4,127.2268,276105.08,31.8067,31.6642,40.0403,5.7259,3,0.0,0.5022,0.0,3.1006,0.0153,0.8113,1,0.4933,-39.5442,443,0,2026-03-25T16:08:59,2026-03-25T17:37:47,unknown_whale,0.3
0x16Beb8782c2607fd90cA93F3119cF12C00255C6e,1,868.8193,1894156.47,868.8193,868.8193,868.8193,0.0,1,0.0,1.0,0.0,0.0985,0.0,0.0,1,,-868.8193,0,0,2026-03-25T16:39:23,2026-03-25T16:39:23,unknown_whale,0.3
0x1979E1E710867dBeEE0A434faEb7d34dF764Db0d,1,20.0,43199.6,20.0,20.0,20.0,0.0,1,0.0,1.0,1.0,2.0928,0.0,0.0,1,,-20.0,0,0,2026-03-25T16:16:23,2026-03-25T16:16:23,unknown_whale,0.3
0x1AB4973a48dc892Cd9971ECE8e01DcC7688f8F23,2,55.9199,121783.97,27.96,27.96,40.0,12.04,2,0.0,0.7153,0.0,0.1019,0.0039,1.0,1,0.7833,-36.0569,234,0,2026-03-25T16:40:47,2026-03-25T17:27:47,unknown_whale,0.3
0x1C68C3DE2b02D9Ae478D37c7E6C92A53FF01fC66,3,4715.1842,10229569.39,1571.7281,2000.0,2500.0,980.6999,2,0.0,0.9544,0.0,0.1809,0.027,0.0,1,0.225,0.0,135,0,2026-03-25T16:05:59,2026-03-25T16:32:59,accumulator,0.6285714285714286
0x1C727a55eA3c11B0ab7D3a361Fe0F3C47cE6de5d,2,27.6459,60061.4,13.8229,13.8229,14.2884,0.4654,2,0.0,0.5168,0.0,0.1195,0.0144,1.0,1,0.3667,-27.6459,109,0,2026-03-25T16:51:35,2026-03-25T17:13:35,unknown_whale,0.3
0x1CD026EA8B42A376ABC5d471Fd8D6276a7913B93,1,464.0,1011589.6,464.0,464.0,464.0,0.0,1,0.0,1.0,0.0,0.2112,0.0,0.0,1,,-464.0,0,0,2026-03-25T16:39:23,2026-03-25T16:39:23,unknown_whale,0.3
0x1CDC57401b338B3D322b4db1916B7eA83341e728,1,13.0,28061.41,13.0,13.0,13.0,0.0,1,0.0,1.0,0.0,0.09,0.0,0.0,1,,-13.0,0,0,2026-03-25T16:14:35,2026-03-25T16:14:35,unknown_whale,0.3
0x1DD94D5deA0691C5a32d7e80732fA638616Baa00,1,12.8,27737.86,12.8,12.8,12.8,0.0,1,0.0,1.0,0.0,0.0977,0.0,0.0,1,,0.0,0,0,2026-03-25T16:23:47,2026-03-25T16:23:47,accumulator,0.8285714285714286
0x1F30501dFF9C25aE6173E16Df32d7912d4e17f73,1,36.8275,80066.76,36.8275,36.8275,36.8275,0.0,1,0.0,1.0,0.0,47.619,0.0,0.0,1,,-36.8275,0,0,2026-03-25T16:51:11,2026-03-25T16:51:11,unknown_whale,0.3
0x1e86f4234246b91b7c1C0741b4CDf8E09333b714,1,21.74,47025.58,21.74,21.74,21.74,0.0,1,0.0,1.0,0.0,0.0882,0.0,0.0,1,,0.0,0,0,2026-03-25T16:21:35,2026-03-25T16:21:35,accumulator,0.8285714285714286
0x212310C47b6e914A589412A0D0e9992D62aFA047,1,13.6,29356.56,13.6,13.6,13.6,0.0,1,0.0,1.0,0.0,0.09,0.0,0.0,1,,-13.6,0,0,2026-03-25T16:14:35,2026-03-25T16:14:35,unknown_whale,0.3
0x21a31Ee1afC51d94C2eFcCAa2092aD1028285549,4,984.6948,2131487.7,246.1737,169.1755,634.0,257.9394,4,0.0,0.6439,0.0,1.1142,0.0133,0.8113,1,0.3878,-984.6948,348,1,2026-03-25T16:07:47,2026-03-25T17:17:35,exchange_depositor,0.0
0x224FDACBD939f3956DcC65eAdD99D0D3B5463D3e,1,25.9297,56020.62,25.9297,25.9297,25.9297,0.0,1,0.0,1.0,0.0,1.6061,0.0,0.0,1,,-25.9297,0,0,2026-03-25T16:11:59,2026-03-25T16:11:59,unknown_whale,0.3
0x227928E35D5Bfd376664D76DAF5743c9D3Ed753F,1,15.7,33960.51,15.7,15.7,15.7,0.0,1,0.0,1.0,0.0,0.2192,0.0,0.0,1,,-15.7,0,0,2026-03-25T16:21:23,2026-03-25T16:21:23,unknown_whale,0.3
0x228ea7B3b0DBBBD630382B2940FF487D082116Df,1,22.9884,49779.08,22.9884,22.9884,22.9884,0.0,1,0.0,1.0,0.0,0.168,0.0,0.0,1,,0.0,0,0,2026-03-25T17:17:59,2026-03-25T17:17:59,accumulator,0.8285714285714286
0x25A7762cEE177B734F4E53dcdE24002B7bb2373b,1,28.1757,60873.05,28.1757,28.1757,28.1757,0.0,1,0.0,1.0,0.0,0.1191,0.0,0.0,1,,0.0,0,0,2026-03-25T16:11:47,2026-03-25T16:11:47,accumulator,0.8285714285714286
0x2616B50b4bDEE8394B0f1B911565B63Cef8d52D6,1,45.99,99909.6,45.99,45.99,45.99,0.0,1,0.0,1.0,0.0,0.0787,0.0,0.0,1,,-45.99,0,0,2026-03-25T17:25:35,2026-03-25T17:25:35,unknown_whale,0.3
0x264bd8291fAE1D75DB2c5F573b07faA6715997B5,2,124.0113,269569.73,62.0056,62.0056,96.6,34.5944,2,0.0,0.779,0.0,0.1618,0.0162,0.0,1,0.2933,-124.0113,88,0,2026-03-25T16:16:59,2026-03-25T16:34:35,unknown_whale,0.3
0x272E1D131EB6934E2e22D97f75d93Cf2B29d1013,1,10.85,23571.62,10.85,10.85,10.85,0.0,1,0.0,1.0,0.0,1.583,0.0,0.0,1,,-10.85,0,0,2026-03-25T16:50:47,2026-03-25T16:50:47,unknown_whale,0.3
0x274c5b00A10238fFEa517a64f7BCE0E6C7aC4327,1,23.052,50234.92,23.052,23.052,23.052,0.0,1,0.0,1.0,0.0,0.2331,0.0,0.0,1,,-23.052,0,0,2026-03-25T16:32:59,2026-03-25T16:32:59,unknown_whale,0.3
0x28617812dEf9ba90ea8DeDc22c21fCE5eD4De170,1,12.9561,28007.53,12.9561,12.9561,12.9561,0.0,1,0.0,1.0,0.0,2.0825,0.0,0.0,1,,0.0,0,0,2026-03-25T16:20:47,2026-03-25T16:20:47,accumulator,0.8285714285714286
0x28AC5fe7f2cec0c6D3fB6c9085703F0071377201,1,850.0,1836136.0,850.0,850.0,850.0,0.0,1,0.0,1.0,0.0,0.2017,0.0,0.0,1,,-634.8158,0,0,2026-03-25T16:17:47,2026-03-25T16:17:47,unknown_whale,0.3
0x28C6c06298d514Db089934071355E5743bf21d60,6,16589.8279,35955750.48,2764.9713,160.1089,15961.0347,5902.1055,6,0.0,0.9621,0.1667,1.1102,0.0149,0.9183,1,0.254,-10127.0731,380,1,2026-03-25T16:26:11,2026-03-25T17:42:23,exchange_depositor,0.0
0x28eFfAd61aeCF3a9e68AEb2e6d5AB742220aEc7e,5,714.3099,1548669.87,142.862,38.6822,547.0927,203.1774,5,0.0,0.7659,0.0,0.1097,0.0177,0.7219,1,0.1625,-714.3099,194,0,2026-03-25T16:53:23,2026-03-25T17:32:23,unknown_whale,0.3
0x2918E7cf53F30A42CeFe2932d989C9142352a232,1,103.5569,225132.81,103.5569,103.5569,103.5569,0.0,1,0.0,1.0,0.0,1.0,0.0,0.0,1,,0.003,0,0,2026-03-25T17:26:11,2026-03-25T17:26:11,accumulator,0.8285714285714286
0x2Ae0f4567e7465a4E1C03948cA2988d485860a27,1,14.477,31274.22,14.477,14.477,14.477,0.0,1,0.0,1.0,0.0,0.1238,0.0,0.0,1,,-14.477,0,0,2026-03-25T16:03:35,2026-03-25T16:03:35,unknown_whale,0.3
0x2Ce910fBba65B454bBAf6A18c952A70f3bcd8299,1,1348.47,2912951.41,1348.47,1348.47,1348.47,0.0,1,0.0,1.0,0.0,2.106,0.0,0.0,1,,-1348.47,0,0,2026-03-25T16:12:35,2026-03-25T16:12:35,unknown_whale,0.3
0x2CfF890f0378a11913B6129B2E97417a2c302680,6,238.9698,519701.86,39.8283,26.0298,124.2144,38.5144,4,0.0,0.7028,0.0,0.1053,0.0183,0.65,1,0.2593,-115.8201,388,0,2026-03-25T16:06:35,2026-03-25T17:24:23,unknown_whale,0.3
0x2D27241351649ba6E491bb1E220c898528bA868e,1,40.0,86406.4,40.0,40.0,40.0,0.0,1,0.0,1.0,0.0,0.6023,0.0,0.0,1,,-40.0,0,0,2026-03-25T16:17:35,2026-03-25T16:17:35,unknown_whale,0.3
0x2F47666923A9d04bd282397ff94B0021c032153e,2,38.0,82252.26,19.0,19.0,27.0,8.0,2,0.0,0.7105,0.0,0.1184,0.0199,1.0,1,1.4567,-38.0,435,0,2026-03-25T16:03:23,2026-03-25T17:30:47,unknown_whale,0.3
0x2FB8e8b7Ac6e90a91EeFB598595823AD32e721e3,1,14.864,32207.91,14.864,14.864,14.864,0.0,1,0.0,1.0,0.0,0.234,0.0,0.0,1,,-14.864,0,0,2026-03-25T17:19:23,2026-03-25T17:19:23,unknown_whale,0.3
0x2b662638C10b29A3c02235A95Cc9cB3Bc55d8eE9,1,49.458,107482.1,49.458,49.458,49.458,0.0,1,0.0,1.0,0.0,0.4258,0.0,0.0,1,,165.6596,0,0,2026-03-25T17:27:11,2026-03-25T17:27:11,accumulator,0.8285714285714286
0x2bD06CcbBF36973447Bedc14149c47a13E466Ca9,1,205.2354,443874.98,205.2354,205.2354,205.2354,0.0,1,0.0,1.0,0.0,0.3175,0.0,0.0,1,,-205.2354,0,0,2026-03-25T16:07:11,2026-03-25T16:07:11,unknown_whale,0.3
0x2c7459476Cab01eFf53F883716AFd62d1DC0Cc31,1,100.0,217691.0,100.0,100.0,100.0,0.0,1,0.0,1.0,1.0,2.0754,0.0,0.0,1,,-100.0,0,0,2026-03-25T16:33:59,2026-03-25T16:33:59,unknown_whale,0.3
0x2cD1823b723b56704437Dff9AEbD2f3709507bAa,1,11.4,24816.77,11.4,11.4,11.4,0.0,1,0.0,1.0,0.0,2.1384,0.0,0.0,1,,-11.4,0,0,2026-03-25T16:33:35,2026-03-25T16:33:35,unknown_whale,0.3
0x2cF3bF5Cb2040fc6013fB95F7216Aa9f3A9f71A1,1,125.0,270520.0,125.0,125.0,125.0,0.0,1,0.0,1.0,0.0,0.0954,0.0,0.0,1,,442.4434,0,0,2026-03-25T16:19:35,2026-03-25T16:19:35,accumulator,0.8285714285714286
0x2d7147E6016cE25302d3d5D84b2c11db08fcAd73,1,16.218,35265.88,16.218,16.218,16.218,0.0,1,0.0,1.0,0.0,0.0933,0.0,0.0,1,,-16.218,0,0,2026-03-25T16:48:47,2026-03-25T16:48:47,unknown_whale,0.3
0x30e3EcC1135824060a96e2C93351048Fe0685592,1,32.0,69600.96,32.0,32.0,32.0,0.0,1,0.0,1.0,0.0,3.0917,0.0,0.0,1,,-32.0,0,0,2026-03-25T17:00:59,2026-03-25T17:00:59,unknown_whale,0.3
0x316072523Fc37c2530ba75A5F6962E6470C3c9e8,1,27.8,60450.82,27.8,27.8,27.8,0.0,1,0.0,1.0,0.0,0.1766,0.0,0.0,1,,-27.8,0,0,2026-03-25T16:48:35,2026-03-25T16:48:35,unknown_whale,0.3
0x31E9b3373F2AD5d964CAd0fd01332d6550cBBdE6,1,26.5423,57488.0,26.5423,26.5423,26.5423,0.0,1,0.0,1.0,0.0,1.6209,0.0,0.0,1,,-26.5423,0,0,2026-03-25T17:16:35,2026-03-25T17:16:35,unknown_whale,0.3
0x325228217E02E31529bF4BC6E32Db695Ea525669,1,1099.6,2378951.61,1099.6,1099.6,1099.6,0.0,1,0.0,1.0,0.0,0.1195,0.0,0.0,1,,-1099.6,0,0,2026-03-25T16:08:35,2026-03-25T16:08:35,unknown_whale,0.3
0x3274ae9f94Ec2DAb27c9d2f8764Bbf1e3D988284,2,62.5935,135664.95,31.2968,31.2968,34.4178,3.1211,2,0.0,0.5499,0.0,0.8901,0.019,1.0,1,1.0,-31.8044,298,0,2026-03-25T16:03:35,2026-03-25T17:03:35,unknown_whale,0.3
0x32C87E451740428203BDF96791FFA7Cda8a59768,1,15.4463,33366.92,15.4463,15.4463,15.4463,0.0,1,0.0,1.0,0.0,0.1096,0.0,0.0,1,,-15.4463,0,0,2026-03-25T16:12:47,2026-03-25T16:12:47,unknown_whale,0.3
0x32D7D404bCB35640B6784623C3060D52E8fa6EB7,1,11.5001,25024.91,11.5001,11.5001,11.5001,0.0,1,0.0,1.0,0.0,3.0886,0.0,0.0,1,,11.5499,0,0,2026-03-25T16:53:47,2026-03-25T16:53:47,accumulator,0.8285714285714286
0x32d4703e5834F1b474B17DFdB0aC32Cc22575145,1,965.0,2090093.5,965.0,965.0,965.0,0.0,1,0.0,1.0,0.0,0.1144,0.0,0.0,1,,0.0,0,0,2026-03-25T17:16:23,2026-03-25T17:16:23,accumulator,0.8285714285714286
0x336192A46F0968E8D8243A54f7E294056409bB17,1,13.8364,30009.55,13.8364,13.8364,13.8364,0.0,1,0.0,1.0,0.0,4.9913,0.0,0.0,1,,-13.8364,0,0,2026-03-25T17:23:23,2026-03-25T17:23:23,unknown_whale,0.3
0x33eD613250A36C8dCEbcb5b10D900B8e9edb52Fb,1,32.0,69562.56,32.0,32.0,32.0,0.0,1,0.0,1.0,0.0,3.0759,0.0,0.0,1,,-32.0,0,0,2026-03-25T16:58:47,2026-03-25T16:58:47,unknown_whale,0.3
0x342802F8BbAD146A48e3B261927e264b2E90D02B,1,1744.6241,3779326.75,1744.6241,1744.6241,1744.6241,0.0,1,1.0,1.0,0.0,0.2914,0.0,0.0,1,,-0.0,0,0,2026-03-25T17:30:11,2026-03-25T17:30:11,exchange_depositor,1.0
0x345a29f6a10dc9D4b60b0C8ee8e2118f720A34AB,1,10.2,22048.83,10.2,10.2,10.2,0.0,1,0.0,1.0,0.0,2.1189,0.0,0.0,1,,-0.1936,0,0,2026-03-25T16:10:23,2026-03-25T16:10:23,unknown_whale,0.3
0x3606f0F14828cBF4962A284a4bFF93Bc94b63665,1,4166.5793,9067559.76,4166.5793,4166.5793,4166.5793,0.0,1,0.0,1.0,0.0,0.116,0.0,0.0,1,,-4166.5793,0,0,2026-03-25T16:30:35,2026-03-25T16:30:35,unknown_whale,0.3
0x370Bb242A99d8f6b69101FE99f329c0709A929De,1,414.994,903205.39,414.994,414.994,414.994,0.0,1,0.0,1.0,0.0,2.0788,0.0,0.0,1,,-0.0199,0,0,2026-03-25T16:55:23,2026-03-25T16:55:23,unknown_whale,0.3
0x3727cfCBD85390Bb11B3fF421878123AdB866be8,1,13.9033,30047.18,13.9033,13.9033,13.9033,0.0,1,0.0,1.0,0.0,10.0,0.0,0.0,1,,-13.9033,0,0,2026-03-25T16:09:35,2026-03-25T16:09:35,unknown_whale,0.3
0x375BeEd2FEC316Ae3CF2501E665F3e2aF1c83b95,1,21.928,47651.44,21.928,21.928,21.928,0.0,1,0.0,1.0,0.0,0.1092,0.0,0.0,1,,-21.928,0,0,2026-03-25T16:47:59,2026-03-25T16:47:59,unknown_whale,0.3
0x37975DC5441fD28f6d7Ab12a5053349Dc9d50185,1,27.15,58740.71,27.15,27.15,27.15,0.0,1,0.0,1.0,0.0,0.1192,0.0,0.0,1,,-0.0,0,0,2026-03-25T16:22:59,2026-03-25T16:22:59,accumulator,0.8285714285714286
0x386fd5e3c8bb4860e169D44C6e845Eebed518621,1,62.53,135258.02,62.53,62.53,62.53,0.0,1,0.0,1.0,0.0,2.0882,0.0,0.0,1,,-62.53,0,0,2026-03-25T16:21:23,2026-03-25T16:21:23,unknown_whale,0.3
0x38AEae1371fe2A4FF776484f959B29e0DDc4C91A,1,20.0,43183.4,20.0,20.0,20.0,0.0,1,0.0,1.0,1.0,1.5,0.0,0.0,1,,-20.0,0,0,2026-03-25T16:05:59,2026-03-25T16:05:59,unknown_whale,0.3
0x390F3504683669d68561FD745d1616Bd3BF86870,1,183.8291,399285.95,183.8291,183.8291,183.8291,0.0,1,0.0,1.0,0.0,0.0798,0.0,0.0,1,,0.0,0,0,2026-03-25T16:49:47,2026-03-25T16:49:47,accumulator,0.8285714285714286
0x395265ca755f7Bb7A8c5c89241d1B0178727163e,1,46.2199,100617.0,46.2199,46.2199,46.2199,0.0,1,0.0,1.0,0.0,0.1176,0.0,0.0,1,,-0.0,0,0,2026-03-25T16:27:59,2026-03-25T16:27:59,accumulator,0.8285714285714286
0x39F6a6C85d39d5ABAd8A398310c52E7c374F2bA3,1,50.0,108542.0,50.0,50.0,50.0,0.0,1,0.0,1.0,1.0,0.1163,0.0,0.0,1,,12.5935,0,0,2026-03-25T17:13:11,2026-03-25T17:13:11,accumulator,0.8285714285714286
0x3B6dCfDE35e53fb7DCa8571f23286631B5123C5B,1,40.0,86852.0,40.0,40.0,40.0,0.0,1,0.0,1.0,0.0,0.146,0.0,0.0,1,,-40.0,0,0,2026-03-25T17:06:47,2026-03-25T17:06:47,unknown_whale,0.3
0x3C7201F61C491ae4772138Fe150008d546C450D9,1,23.0984,50106.91,23.0984,23.0984,23.0984,0.0,1,1.0,1.0,0.0,0.2994,0.0,0.0,1,,0.0,0,0,2026-03-25T17:22:59,2026-03-25T17:22:59,exchange_depositor,1.0
0x3CD76d4a67Ebd1c88cD8Cf613c4551199CCCae4D,1,17.4989,38064.42,17.4989,17.4989,17.4989,0.0,1,0.0,1.0,0.0,1.6275,0.0,0.0,1,,0.0001,0,0,2026-03-25T16:29:11,2026-03-25T16:29:11,accumulator,0.8285714285714286
0x3EC2f4017adaaF81CBd3B22a55741FDdFA720A4a,1,25.0035,54308.95,25.0035,25.0035,25.0035,0.0,1,0.0,1.0,1.0,1.0792,0.0,0.0,1,,0.0,0,0,2026-03-25T16:49:47,2026-03-25T16:49:47,accumulator,0.8285714285714286
0x3FF2e6B2A619543600C248efc77176105B44C682,1,79.5202,172046.62,79.5202,79.5202,79.5202,0.0,1,0.0,1.0,0.0,2.098,0.0,0.0,1,,0.0,0,0,2026-03-25T16:22:35,2026-03-25T16:22:35,accumulator,0.8285714285714286
0x3b6345239A23374083d27DB89742a79c161c8bdD,1,53.0157,115680.19,53.0157,53.0157,53.0157,0.0,1,0.0,1.0,0.0,0.117,0.0,0.0,1,,337.9206,0,0,2026-03-25T16:38:59,2026-03-25T16:38:59,accumulator,0.8285714285714286
0x4097dCf525F58Acfc08952f184F3900961Fa43e9,1,14.581,31732.09,14.581,14.581,14.581,0.0,1,1.0,1.0,0.0,1.1247,0.0,0.0,1,,-14.581,0,0,2026-03-25T16:30:59,2026-03-25T16:30:59,exchange_depositor,1.0
0x41A7F817bC60298073BB84af7cbd999C94Cf402A,1,22.693,49014.43,22.693,22.693,22.693,0.0,1,0.0,1.0,0.0,0.1155,0.0,0.0,1,,-22.693,0,0,2026-03-25T16:15:59,2026-03-25T16:15:59,unknown_whale,0.3
0x438A3da22699239cA7ae22248109059f27E1F307,1,49.2003,106828.57,49.2003,49.2003,49.2003,0.0,1,0.0,1.0,0.0,0.7384,0.0,0.0,1,,-0.0003,0,0,2026-03-25T17:06:59,2026-03-25T17:06:59,unknown_whale,0.3
0x46340b20830761efd32832A74d7169B29FEB9758,3,1402.0305,3032540.38,467.3435,216.8465,969.9998,355.4323,3,0.0,0.6919,0.0,0.1436,0.0134,0.0,1,0.1583,12752.9695,95,0,2026-03-25T16:12:35,2026-03-25T16:31:35,accumulator,0.6285714285714286
0x47004fe25974ee101670274DeD998e3792F18ef9,1,246.0346,532172.88,246.0346,246.0346,246.0346,0.0,1,0.0,1.0,0.0,0.0947,0.0,0.0,1,,-246.0346,0,0,2026-03-25T17:36:35,2026-03-25T17:36:35,unknown_whale,0.3
0x471b317Ad805D48D8b880ae18E040E5ef83D7EA3,1,10.5,22685.04,10.5,10.5,10.5,0.0,1,0.0,1.0,0.0,2.1061,0.0,0.0,1,,-10.5,0,0,2026-03-25T16:11:59,2026-03-25T16:11:59,unknown_whale,0.3
0x478271C960137418c9d90082DDdBf68AA72E4367,1,51.0024,111168.38,51.0024,51.0024,51.0024,0.0,1,1.0,1.0,0.0,1.6055,0.0,0.0,1,,-0.0025,0,0,2026-03-25T16:40:35,2026-03-25T16:40:35,exchange_depositor,1.0
0x47A761bb9e970AC93Cb571c4614C4cA643714e4F,1,186.0,403032.24,186.0,186.0,186.0,0.0,1,0.0,1.0,0.0,0.3522,0.0,0.0,1,,-186.0,0,0,2026-03-25T17:19:35,2026-03-25T17:19:35,unknown_whale,0.3
0x48202A51c0d5d81b3ebeD55016408a0E0a0afaaE,1,38.8555,84575.91,38.8555,38.8555,38.8555,0.0,1,0.0,1.0,0.0,0.0949,0.0,0.0,1,,-38.8555,0,0,2026-03-25T16:26:11,2026-03-25T16:26:11,unknown_whale,0.3
0x4976A4A02f38326660D17bf34b431dC6e2eb2327,12,2425.7693,5272666.47,202.1474,73.1612,1357.0,359.5675,9,0.0,0.5594,0.0,1.1047,0.0184,0.9799,1,0.133,13535.2654,438,0,2026-03-25T16:14:35,2026-03-25T17:42:23,active_trader,0.55
0x4FC51AB52A2a312a2817C351e2F26a197F7194ec,1,12.535,27110.13,12.535,12.535,12.535,0.0,1,0.0,1.0,0.0,0.2643,0.0,0.0,1,,-12.535,0,0,2026-03-25T16:07:59,2026-03-25T16:07:59,unknown_whale,0.3
0x4bA50739a84D0EA7ffCfca23a07e214F1E44B655,1,26.8383,58337.37,26.8383,26.8383,26.8383,0.0,1,0.0,1.0,0.0,0.0744,0.0,0.0,1,,-26.8383,0,0,2026-03-25T16:59:35,2026-03-25T16:59:35,unknown_whale,0.3
0x4c62Fc8A5CAC758f28451635b3F8398191b117E7,1,169.8,367372.49,169.8,169.8,169.8,0.0,1,0.0,1.0,0.0,2.3497,0.0,0.0,1,,-169.8,0,0,2026-03-25T16:22:47,2026-03-25T16:22:47,unknown_whale,0.3
0x4dF9776f293131cdf551B0C592139e83Ccfa7dc3,1,10.7546,23305.57,10.7546,10.7546,10.7546,0.0,1,0.0,1.0,0.0,0.2021,0.0,0.0,1,,-10.7546,0,0,2026-03-25T17:34:35,2026-03-25T17:34:35,unknown_whale,0.3
0x4f2D500ee332Aee871BCbdAB1bB6b62Bd4B0F566,1,11.4649,24865.99,11.4649,11.4649,11.4649,0.0,1,0.0,1.0,0.0,1.0,0.0,0.0,1,,0.0001,0,0,2026-03-25T17:23:11,2026-03-25T17:23:11,accumulator,0.8285714285714286
0x50D44FeEffFB159D8033fAcA469c87869DFD7e81,1,32.0,69587.2,32.0,32.0,32.0,0.0,1,0.0,1.0,0.0,3.1437,0.0,0.0,1,,-32.0,0,0,2026-03-25T17:01:59,2026-03-25T17:01:59,unknown_whale,0.3
0x5297EaEe49C25c8cffdADAa1c8cF1314557fE195,1,850.0,1846539.99,850.0,850.0,850.0,0.0,1,0.0,1.0,0.0,0.093,0.0,0.0,1,,0.0,0,0,2026-03-25T16:24:47,2026-03-25T16:24:47,accumulator,0.8285714285714286
0x537F6efB8AFbC5A33581D3D6dC7619D7d79081cE,1,14.6,31539.94,14.6,14.6,14.6,0.0,1,0.0,1.0,0.0,2.1115,0.0,0.0,1,,-14.6,0,0,2026-03-25T16:03:59,2026-03-25T16:03:59,unknown_whale,0.3
0x5419324A1b357Cc4F42E3D32b9aECeFe61d553B0,1,21.6692,46922.45,21.6692,21.6692,21.6692,0.0,1,0.0,1.0,0.0,0.2048,0.0,0.0,1,,-21.6692,0,0,2026-03-25T17:17:35,2026-03-25T17:17:35,unknown_whale,0.3
0x54620B9A8a2C43AA8Ed028450a7ce656a9C69FeB,1,19.1149,41562.95,19.1149,19.1149,19.1149,0.0,1,0.0,1.0,0.0,0.0808,0.0,0.0,1,,-19.1149,0,0,2026-03-25T16:57:59,2026-03-25T16:57:59,unknown_whale,0.3
0x549d835356d92983AbB76E4cae639f7857963425,2,199.2,432672.36,99.6,99.6,150.0,50.4,2,0.0,0.753,0.5,0.0988,0.002,0.0,1,0.0,-49.2001,0,0,2026-03-25T16:49:59,2026-03-25T16:49:59,unknown_whale,0.3
0x55D0B3DD50A8d568b38D9d7cC5b0Cb45E6cCec4d,1,15.8621,34491.89,15.8621,15.8621,15.8621,0.0,1,0.0,1.0,0.0,2.0933,0.0,0.0,1,,-15.8621,0,0,2026-03-25T16:48:47,2026-03-25T16:48:47,unknown_whale,0.3
0x56Eddb7aa87536c09CCc2793473599fD21A8b17F,5,194.2796,422650.87,38.8559,14.6984,132.0567,46.8155,5,0.0,0.6797,0.0,1.1224,0.015,0.7219,1,0.2408,-194.2796,288,1,2026-03-25T16:09:11,2026-03-25T17:06:59,exchange_depositor,0.0
0x56F91d80cdf27B9e7abe845fA4bfEc05F7de2794,2,88.96,192605.93,44.48,44.48,63.76,19.28,2,0.0,0.7167,0.5,0.1133,0.0016,1.0,1,1.2167,-88.96,364,0,2026-03-25T16:08:23,2026-03-25T17:21:23,unknown_whale,0.3
0x5797F722b1FeE36e3D2c3481D938d1372bCD99A7,1,19.1813,41700.15,19.1813,19.1813,19.1813,0.0,1,0.0,1.0,0.0,0.114,0.0,0.0,1,,-19.1813,0,0,2026-03-25T17:26:35,2026-03-25T17:26:35,unknown_whale,0.3
0x583C6770a1Bd31b3AEfCDe9f544DFdF2F4Fa9bF2,1,15.36,33285.42,15.36,15.36,15.36,0.0,1,0.0,1.0,0.0,0.1077,0.0,0.0,1,,0.0,0,0,2026-03-25T16:23:47,2026-03-25T16:23:47,accumulator,0.8285714285714286
0x59855c07CDd4924609dF4F5f175Da3188699932f,1,13.0743,28372.78,13.0743,13.0743,13.0743,0.0,1,0.0,1.0,0.0,1.0,0.0,0.0,1,,0.0,0,0,2026-03-25T17:09:11,2026-03-25T17:09:11,accumulator,0.8285714285714286
0x5B702B24b00A37b61Ff9d71D91FeD1a629EDD1dF,1,30.0,65078.39,30.0,30.0,30.0,0.0,1,1.0,1.0,1.0,0.2952,0.0,0.0,1,,0.0,0,0,2026-03-25T17:22:47,2026-03-25T17:22:47,exchange_depositor,1.0
0x5D373f383D16Da6058663E3E62fcA39Ef76711f6,1,51.6047,111460.42,51.6047,51.6047,51.6047,0.0,1,0.0,1.0,0.0,2.1006,0.0,0.0,1,,-51.6047,0,0,2026-03-25T16:15:35,2026-03-25T16:15:35,unknown_whale,0.3
0x5D98F54d829708eeB2Aa555BaDb96BcB5400DEF1,1,15.0,32399.7,15.0,15.0,15.0,0.0,1,0.0,1.0,0.0,0.0988,0.0,0.0,1,,-15.0,0,0,2026-03-25T16:16:35,2026-03-25T16:16:35,unknown_whale,0.3
0x5EDcdAbfEbfAaDE8c6c4B7106c5581AAE4b7944e,1,1744.624,3783880.17,1744.624,1744.624,1744.624,0.0,1,0.0,1.0,0.0,0.1094,0.0,0.0,1,,0.0,0,0,2026-03-25T17:23:47,2026-03-25T17:23:47,accumulator,0.8285714285714286
0x5a8e12D1F7148886fe35F6Fa04F5A2c2B60Ac354,1,20.2282,44040.92,20.2282,20.2282,20.2282,0.0,1,0.0,1.0,0.0,1.0061,0.0,0.0,1,,0.0002,0,0,2026-03-25T16:37:47,2026-03-25T16:37:47,accumulator,0.8285714285714286
0x5c15070C13e82C888185331741F90d01D2f878ac,1,15.5612,33886.69,15.5612,15.5612,15.5612,0.0,1,0.0,1.0,0.0,0.1303,0.0,0.0,1,,0.0,0,0,2026-03-25T16:36:35,2026-03-25T16:36:35,accumulator,0.8285714285714286
0x5d0C7796AbA12539C4caF0b9FA46Ecc66C05ae9f,1,30.0,65136.6,30.0,30.0,30.0,0.0,1,0.0,1.0,1.0,0.1562,0.0,0.0,1,,-30.0,0,0,2026-03-25T17:12:11,2026-03-25T17:12:11,unknown_whale,0.3
0x613a2CF7964D98f6fbF235F6Ae123963AEbAc355,1,200.0,435383.94,200.0,200.0,200.0,0.0,1,0.0,1.0,1.0,0.7205,0.0,0.0,1,,0.0,0,0,2026-03-25T16:27:35,2026-03-25T16:27:35,accumulator,0.8285714285714286
0x622AA10e43CBBc0f33614AA74aa8C8Ea38aA9b46,1,36.8275,80135.25,36.8275,36.8275,36.8275,0.0,1,0.0,1.0,0.0,0.0917,0.0,0.0,1,,0.0,0,0,2026-03-25T16:52:59,2026-03-25T16:52:59,accumulator,0.8285714285714286
0x62425cD6BDcB6bFE51558EA465B063486B70dc9f,1,19.9997,43324.55,19.9997,19.9997,19.9997,0.0,1,0.0,1.0,1.0,2.0941,0.0,0.0,1,,465.4536,0,0,2026-03-25T17:29:47,2026-03-25T17:29:47,accumulator,0.8285714285714286
0x6448Dbc9e99BE98109c858c6624410c8F494346B,1,850.0,1839536.0,850.0,850.0,850.0,0.0,1,0.0,1.0,0.0,0.1011,0.0,0.0,1,,0.0,0,0,2026-03-25T16:19:11,2026-03-25T16:19:11,accumulator,0.8285714285714286
0x6455327F820eDD69c4Cd665b995E0fEC679d7F9E,1,326.0,704723.91,326.0,326.0,326.0,0.0,1,1.0,1.0,0.0,1.5917,0.0,0.0,1,,0.0,0,0,2026-03-25T16:20:35,2026-03-25T16:20:35,exchange_depositor,1.0
0x646487214c42898CA85E4172eB125D1e770990e4,1,18.95,41147.84,18.95,18.95,18.95,0.0,1,0.0,1.0,0.0,2.1382,0.0,0.0,1,,-7.6533,0,0,2026-03-25T17:04:35,2026-03-25T17:04:35,unknown_whale,0.3
0x64B237fe2576Bc0D83604631371979C1AF9a862c,1,17.82,38700.23,17.82,17.82,17.82,0.0,1,0.0,1.0,0.0,2.1129,0.0,0.0,1,,-17.82,0,0,2026-03-25T17:05:59,2026-03-25T17:05:59,unknown_whale,0.3
0x65837B865A4eCE18F444120bf5950087B08cBCeE,1,3288.6913,7126659.92,3288.6913,3288.6913,3288.6913,0.0,1,0.0,1.0,0.0,1.1029,0.0,0.0,1,,0.0,0,0,2026-03-25T16:23:11,2026-03-25T16:23:11,accumulator,0.8285714285714286
0x6611fE71c233e4e7510b2795C242C9A57790b376,1,31.4,68235.03,31.4,31.4,31.4,0.0,1,0.0,1.0,0.0,2.0994,0.0,0.0,1,,-31.4,0,0,2026-03-25T16:47:59,2026-03-25T16:47:59,unknown_whale,0.3
0x6643887784cB89cC9537dbB7Ea20b00C45AbEefB,1,10.4399,22567.39,10.4399,10.4399,10.4399,0.0,1,0.0,1.0,0.0,2.1222,0.0,0.0,1,,46.8701,0,0,2026-03-25T16:10:47,2026-03-25T16:10:47,accumulator,0.8285714285714286
0x668aC5C59ed2B0050C665A0d32B800117CB2987D,1,27.15,58727.89,27.15,27.15,27.15,0.0,1,0.0,1.0,0.0,1.0992,0.0,0.0,1,,-27.15,0,0,2026-03-25T16:21:47,2026-03-25T16:21:47,unknown_whale,0.3
0x66E092fD00c4E4eb5BD20F5392C1902d738aE7bC,1,20.3507,44223.9,20.3507,20.3507,20.3507,0.0,1,0.0,1.0,0.0,0.0994,0.0,0.0,1,,979.6493,0,0,2026-03-25T16:47:59,2026-03-25T16:47:59,accumulator,0.8285714285714286
0x6763721971A44518C30AD321D1AAb95ceE39Ba90,1,10.1994,22193.39,10.1994,10.1994,10.1994,0.0,1,1.0,1.0,0.0,0.2822,0.0,0.0,1,,0.0001,0,0,2026-03-25T16:52:47,2026-03-25T16:52:47,exchange_depositor,1.0
0x67Eff0fFE163eb3f88086F770cD1DbbcFEb0F5A7,1,37.06,80181.52,37.06,37.06,37.06,0.0,1,1.0,1.0,0.0,0.2923,0.0,0.0,1,,0.0,0,0,2026-03-25T16:22:59,2026-03-25T16:22:59,exchange_depositor,1.0
0x6821a948DBc58F58519fA8913042d1DF3f2506c7,1,248.9998,541051.75,248.9998,248.9998,248.9998,0.0,1,0.0,1.0,1.0,0.5005,0.0,0.0,1,,0.0,0,0,2026-03-25T16:46:47,2026-03-25T16:46:47,accumulator,0.8285714285714286
0x6828CF172d0E6dcC1BCe38076C2355D23c536CE7,1,414.9741,903481.67,414.9741,414.9741,414.9741,0.0,1,0.0,1.0,0.0,2.1138,0.0,0.0,1,,-414.9741,0,0,2026-03-25T16:37:59,2026-03-25T16:37:59,unknown_whale,0.3
0x69b986816AEd69853FDf0E2C1f43D8e833610e82,1,11.627,25306.82,11.627,11.627,11.627,0.0,1,0.0,1.0,0.0,1.0,0.0,0.0,1,,0.0,0,0,2026-03-25T16:45:35,2026-03-25T16:45:35,accumulator,0.8285714285714286
0x6A181Bad7c32e12b38ED682357481E51e3928396,1,221.4,480969.36,221.4,221.4,221.4,0.0,1,0.0,1.0,0.0,2.5262,0.0,0.0,1,,-221.4,0,0,2026-03-25T16:24:11,2026-03-25T16:24:11,unknown_whale,0.3
0x6A9400BCb1528dA78346765eAE7eC17B6a155F9e,2,85.5445,185351.78,42.7722,42.7722,53.5445,10.7722,1,0.0,1.0,0.0,2.0987,0.0036,0.0,1,0.0733,-85.5445,22,0,2026-03-25T17:29:11,2026-03-25T17:33:35,unknown_whale,0.3
0x6Ad38660507254380E36e8078b1748489D29735F,1,21.347,46519.38,21.347,21.347,21.347,0.0,1,0.0,1.0,0.0,0.2331,0.0,0.0,1,,-21.347,0,0,2026-03-25T16:32:59,2026-03-25T16:32:59,unknown_whale,0.3
0x6B4ea6C00Fe00629BeDFF709161272A26DEEA488,1,26.8383,58273.93,26.8383,26.8383,26.8383,0.0,1,0.0,1.0,0.0,2.1322,0.0,0.0,1,,0.0,0,0,2026-03-25T17:06:35,2026-03-25T17:06:35,accumulator,0.8285714285714286
0x6E1a0a410460420111a7918d6c82Beb666F7B021,1,19.4233,42195.55,19.4233,19.4233,19.4233,0.0,1,0.0,1.0,0.0,0.0887,0.0,0.0,1,,0.0,0,0,2026-03-25T17:25:35,2026-03-25T17:25:35,accumulator,0.8285714285714286
0x6EaD8FECd6a1763d11a9b926dCa5071eeB6c45e2,1,11.8391,25736.29,11.8391,11.8391,11.8391,0.0,1,0.0,1.0,0.0,0.8348,0.0,0.0,1,,-11.8391,0,0,2026-03-25T16:58:47,2026-03-25T16:58:47,unknown_whale,0.3
0x6F988506EbBF753000ab0569b1e5DcfA194a3aFE,1,103.3996,223513.82,103.3996,103.3996,103.3996,0.0,1,0.0,1.0,0.0,1.6252,0.0,0.0,1,,-103.3996,0,0,2026-03-25T16:10:59,2026-03-25T16:10:59,unknown_whale,0.3
0x6a11B0e6e8c2c61D84564766331d88C0163345f6,1,11.8132,25641.76,11.8132,11.8132,11.8132,0.0,1,1.0,1.0,0.0,1.0,0.0,0.0,1,,-11.8132,0,0,2026-03-25T17:07:47,2026-03-25T17:07:47,exchange_depositor,1.0
0x6a34c62298F15FdB587432a1462DB4Db51fBC12D,1,14.05,30472.76,14.05,14.05,14.05,0.0,1,0.0,1.0,0.0,0.0996,0.0,0.0,1,,-14.05,0,0,2026-03-25T17:23:47,2026-03-25T17:23:47,unknown_whale,0.3
0x6aea5db79A1bA2f3Ede0dB6B416308C548b877da,1,79.5202,171754.88,79.5202,79.5202,79.5202,0.0,1,0.0,1.0,0.0,0.0999,0.0,0.0,1,,-79.5202,0,0,2026-03-25T16:15:23,2026-03-25T16:15:23,unknown_whale,0.3
0x7206249809DfB38424FA1ae48dF4e7bee060bfc3,2,47.2594,102623.33,23.6297,23.6297,23.6646,0.035,1,0.0,1.0,0.0,2.1216,0.0299,0.0,1,0.3767,-0.0,113,0,2026-03-25T17:02:23,2026-03-25T17:24:59,accumulator,0.7285714285714286
0x722dA194650f3a7bF593ae29F8058e3624894CeE,1,391.86,849807.19,391.86,391.86,391.86,0.0,1,0.0,1.0,0.0,0.4,0.0,0.0,1,,0.0,0,0,2026-03-25T17:28:59,2026-03-25T17:28:59,accumulator,0.8285714285714286
0x7239117bBA5bd4DdE2CD489C0F0A30acdCF44EaF,1,18.95,41137.37,18.95,18.95,18.95,0.0,1,0.0,1.0,0.0,0.8617,0.0,0.0,1,,0.0,0,0,2026-03-25T17:13:23,2026-03-25T17:13:23,accumulator,0.8285714285714286
0x74025fD04b59D06917Fd92684af2177b560Cc74e,2,40.17,87094.04,20.085,20.085,25.64,5.555,1,0.0,1.0,0.0,1.6001,0.0076,1.0,1,0.9933,-40.17,297,0,2026-03-25T16:37:23,2026-03-25T17:36:59,unknown_whale,0.3
0x77021d475E36b3ab1921a0e3A8380f069d3263de,1,299.999,647991.84,299.999,299.999,299.999,0.0,1,0.0,1.0,0.0,0.0928,0.0,0.0,1,,-299.999,0,0,2026-03-25T16:16:23,2026-03-25T16:16:23,unknown_whale,0.3
0x77384E62FDdb42DEa73B2A0a628f5eD7bd4D42D7,1,23.95,52121.43,23.95,23.95,23.95,0.0,1,0.0,1.0,0.0,2.1247,0.0,0.0,1,,-23.95,0,0,2026-03-25T16:30:59,2026-03-25T16:30:59,unknown_whale,0.3
0x79Dd16028ffe0cf1Ee7c74372d220ba761D11818,1,10.3497,22340.59,10.3497,10.3497,10.3497,0.0,1,0.0,1.0,0.0,1.0988,0.0,0.0,1,,-10.3497,0,0,2026-03-25T16:14:11,2026-03-25T16:14:11,unknown_whale,0.3
0x79e2b9C1F6C9ed1375C93AaF139e6C4537f48523,1,40.0,86639.3,40.0,40.0,40.0,0.0,1,0.0,1.0,0.0,0.8871,0.0,0.0,1,,-40.0,0,0,2026-03-25T17:35:11,2026-03-25T17:35:11,unknown_whale,0.3
0x7AFC12C8DD2e6591581D95586eB2c2A4905a12a9,1,40.0,86520.0,40.0,40.0,40.0,0.0,1,0.0,1.0,0.0,0.1046,0.0,0.0,1,,-40.0,0,0,2026-03-25T17:36:35,2026-03-25T17:36:35,unknown_whale,0.3
0x7B3921781AADbF523f03c1e0edF18a3D88B0f253,1,45.786,99466.42,45.786,45.786,45.786,0.0,1,0.0,1.0,0.0,0.1677,0.0,0.0,1,,-45.786,0,0,2026-03-25T17:25:35,2026-03-25T17:25:35,unknown_whale,0.3
0x7BDC6918fc3E9f35248cc995F91B9EFD0C91567f,1,11.0,23920.54,11.0,11.0,11.0,0.0,1,0.0,1.0,0.0,0.1493,0.0,0.0,1,,0.0,0,0,2026-03-25T17:01:35,2026-03-25T17:01:35,accumulator,0.8285714285714286
0x7DB12D0B43a27A8e56DaB896F6494d3BeB3Eb18b,1,60.6209,132274.76,60.6209,60.6209,60.6209,0.0,1,0.0,1.0,0.0,1.1092,0.0,0.0,1,,0.0,0,0,2026-03-25T16:38:11,2026-03-25T16:38:11,accumulator,0.8285714285714286
0x7DBB4bdCfE614398D1a68ecc219F15280d0959E0,1,50.0,108443.99,50.0,50.0,50.0,0.0,1,0.0,1.0,1.0,0.1027,0.0,0.0,1,,75.0,0,0,2026-03-25T17:23:47,2026-03-25T17:23:47,accumulator,0.8285714285714286
0x7E929b2415A7E76974E256F483e9f2A10d29257e,1,34.4178,74724.16,34.4178,34.4178,34.4178,0.0,1,0.0,1.0,0.0,0.1131,0.0,0.0,1,,0.0,0,0,2026-03-25T17:11:11,2026-03-25T17:11:11,accumulator,0.8285714285714286
0x7aB5D049667dE12341f3D1639bBe1D2EA60E1885,1,10.926,23701.44,10.926,10.926,10.926,0.0,1,0.0,1.0,0.0,0.1185,0.0,0.0,1,,-10.926,0,0,2026-03-25T17:10:23,2026-03-25T17:10:23,unknown_whale,0.3
0x7cfD3880028608d2b07E0135846Bd6cc8BD57B1f,1,15.0,32558.99,15.0,15.0,15.0,0.0,1,0.0,1.0,0.0,0.1731,0.0,0.0,1,,0.0,0,0,2026-03-25T17:07:59,2026-03-25T17:07:59,accumulator,0.8285714285714286
0x7dBEB152A1342a9da572d0F45f8C8a1DD74A1CfE,1,25.0036,54439.82,25.0036,25.0036,25.0036,0.0,1,0.0,1.0,1.0,0.1151,0.0,0.0,1,,-25.0036,0,0,2026-03-25T16:44:11,2026-03-25T16:44:11,unknown_whale,0.3
0x7e41033293e30Fb91E578828501F4eA58BB3472f,1,21.4401,46516.56,21.4401,21.4401,21.4401,0.0,1,0.0,1.0,0.0,0.632,0.0,0.0,1,,-21.4401,0,0,2026-03-25T17:20:35,2026-03-25T17:20:35,unknown_whale,0.3
0x7f5D2dC55140D460b7fca6CCC1C63790D2690955,1,19.9997,43259.25,19.9997,19.9997,19.9997,0.0,1,0.0,1.0,1.0,2.0937,0.0,0.0,1,,0.0,0,0,2026-03-25T17:36:35,2026-03-25T17:36:35,accumulator,0.8285714285714286
0x7f604D597c15b2e2F60DC645844f68b1D781b752,2,100.9266,219511.09,50.4633,50.4633,85.9276,35.4643,2,0.0,0.8514,0.0,0.1273,0.0189,0.0,1,0.58,-100.9266,174,0,2026-03-25T16:10:11,2026-03-25T16:44:59,unknown_whale,0.3
0x82E51a8304156F96C6f01e4aE3C2554D0dE5d156,1,34.474,74783.76,34.474,34.474,34.474,0.0,1,0.0,1.0,0.0,0.234,0.0,0.0,1,,-34.474,0,0,2026-03-25T17:22:47,2026-03-25T17:22:47,unknown_whale,0.3
0x82FCeDf06aA06f06aF54423aF983BD71423FfD0e,1,25.5644,55473.94,25.5644,25.5644,25.5644,0.0,1,0.0,1.0,0.0,0.1376,0.0,0.0,1,,-25.5644,0,0,2026-03-25T17:08:59,2026-03-25T17:08:59,unknown_whale,0.3
0x82eC0A9eE5201032c3b2608535D16D682c6261Ca,1,268.9773,585638.95,268.9773,268.9773,268.9773,0.0,1,1.0,1.0,0.0,1.104,0.0,0.0,1,,0.0,0,0,2026-03-25T16:44:47,2026-03-25T16:44:47,exchange_depositor,1.0
0x835033BD90b943FA0d0f8e5382d9DC568D3fbd96,1,13.4,28950.43,13.4,13.4,13.4,0.0,1,0.0,1.0,0.0,6.1191,0.0,0.0,1,,-13.4,0,0,2026-03-25T16:11:11,2026-03-25T16:11:11,unknown_whale,0.3
0x841ed663F2636863D40be4EE76243377dff13a34,3,336.5318,733269.87,112.1773,52.7579,268.9773,111.9523,3,0.0,0.7993,0.0,0.1141,0.0123,0.0,1,0.0283,-189.0454,17,0,2026-03-25T16:39:23,2026-03-25T16:42:47,unknown_whale,0.3
0x85444686E4aA761A420C74a03307c98e8b43bdf2,1,50.21,108538.43,50.21,50.21,50.21,0.0,1,0.0,1.0,1.0,0.469,0.0,0.0,1,,-50.21,0,0,2026-03-25T16:06:59,2026-03-25T16:06:59,unknown_whale,0.3
0x85464B207D7C1FCe8Da13d2F3d950c796E399A9C,2,4500.0,9760039.95,2250.0,2250.0,2500.0,250.0,1,0.0,1.0,0.0,0.2397,0.0052,0.0,1,0.3567,-4500.0,106,0,2026-03-25T16:05:11,2026-03-25T16:26:35,unknown_whale,0.3
0x86BDdedDd23D4Da803bC322915445174D214B21C,1,15.36,33202.94,15.36,15.36,15.36,0.0,1,0.0,1.0,0.0,2.1222,0.0,0.0,1,,-15.36,0,0,2026-03-25T16:10:47,2026-03-25T16:10:47,unknown_whale,0.3
0x87b1C738De583C539e36b70B523fc752Db0F0C84,1,22.9884,49779.16,22.9884,22.9884,22.9884,0.0,1,0.0,1.0,0.0,0.234,0.0,0.0,1,,-22.9884,0,0,2026-03-25T17:17:11,2026-03-25T17:17:11,unknown_whale,0.3
0x87c247033093dB41C9Ed549b12C599506B010960,3,380.0,826998.6,126.6667,100.0,240.0,83.7987,3,0.0,0.6316,0.3333,0.2611,0.0493,0.0,1,0.1,-380.0,60,0,2026-03-25T16:37:59,2026-03-25T16:49:59,unknown_whale,0.3
0x884c7f4778bB1831A7F2691c194CD51e9644F60e,1,20.2282,44071.18,20.2282,20.2282,20.2282,0.0,1,1.0,1.0,0.0,0.3159,0.0,0.0,1,,0.0,0,0,2026-03-25T16:42:59,2026-03-25T16:42:59,exchange_depositor,1.0
0x88BbCAeEaF0dCa4Ad50e8AAb9387cd78C60be758,3,168.1981,365810.63,56.066,33.3134,124.2143,49.0668,1,1.0,1.0,0.0,0.3135,0.0028,0.0,1,0.25,-0.2603,150,0,2026-03-25T16:12:59,2026-03-25T16:42:59,exchange_depositor,1.0
0x89C91540fc62f47FAfF38fc3Ce140B9Bc9813D39,1,464.0,1011366.88,464.0,464.0,464.0,0.0,1,0.0,1.0,0.0,0.1551,0.0,0.0,1,,0.0,0,0,2026-03-25T16:40:59,2026-03-25T16:40:59,accumulator,0.8285714285714286
0x8A6846528E7b1484eD4b59c71DF7C0634c4311f9,1,128.0,278800.64,128.0,128.0,128.0,0.0,1,0.0,1.0,0.0,0.1223,0.0,0.0,1,,-128.0,0,0,2026-03-25T16:41:11,2026-03-25T16:41:11,unknown_whale,0.3
0x8BEe7340304a051B16ceCee05fB8c999Db3b65eD,1,300.0019,648523.18,300.0019,300.0019,300.0019,0.0,1,1.0,1.0,0.0,1.5825,0.0,0.0,1,,-0.0029,0,0,2026-03-25T16:20:47,2026-03-25T16:20:47,exchange_depositor,1.0
0x8Cfa8d5e3B3e03fb0141799147AbB3930872B558,1,10.3497,22355.19,10.3497,10.3497,10.3497,0.0,1,0.0,1.0,0.0,0.0928,0.0,0.0,1,,0.0,0,0,2026-03-25T16:16:23,2026-03-25T16:16:23,accumulator,0.8285714285714286
0x8E5a6E6fb4926284774A437241769f9b30C2f743,3,79.2849,172646.29,26.4283,29.475,32.172,6.3125,1,0.0,1.0,0.0,0.1609,0.0,0.0,1,0.0117,-19.3248,7,0,2026-03-25T16:36:35,2026-03-25T16:37:59,unknown_whale,0.3
0x8Ea86f31a319829A4F286Ab57a0c7bAb094a0E0f,2,29.142,62992.01,14.571,14.571,15.218,0.647,1,0.0,1.0,0.0,0.1202,0.0203,0.0,1,0.2233,-29.142,67,0,2026-03-25T16:05:59,2026-03-25T16:19:23,unknown_whale,0.3
0x8f4075e5447EC3FBbD2800816F3a40306c706c95,1,24.4256,52808.07,24.4256,24.4256,24.4256,0.0,1,0.0,1.0,0.0,0.1099,0.0,0.0,1,,0.0,0,0,2026-03-25T16:18:47,2026-03-25T16:18:47,accumulator,0.8285714285714286
0x907Be30738A4A993e9F05898b8E8967528F1AF60,1,25.0036,54335.05,25.0036,25.0036,25.0036,0.0,1,0.0,1.0,1.0,0.1,0.0,0.0,1,,0.0,0,0,2026-03-25T16:47:59,2026-03-25T16:47:59,accumulator,0.8285714285714286
0x91a52D3775380A3EeBa38Db225DB078a3c113b46,2,44.0924,95839.2,22.0462,22.0462,22.0924,0.0462,2,0.0,0.501,0.0,2.0906,0.0035,0.0,1,0.02,-44.0924,6,0,2026-03-25T17:26:11,2026-03-25T17:27:23,unknown_whale,0.3
0x92Ce37f58Fbc4bd704A01661DC81f9e88B01419C,1,10.1437,22077.03,10.1437,10.1437,10.1437,0.0,1,0.0,1.0,0.0,2.0811,0.0,0.0,1,,-10.1437,0,0,2026-03-25T16:55:11,2026-03-25T16:55:11,unknown_whale,0.3
0x92a2368DfFDE7D0D432CFF43c3c3BfF03635ceCE,1,99.0,215668.53,99.0,99.0,99.0,0.0,1,0.0,1.0,0.0,0.1252,0.0,0.0,1,,-99.0,0,0,2026-03-25T16:31:23,2026-03-25T16:31:23,unknown_whale,0.3
0x92fC2152A5c93590054fe5E48D8eA18249e9e3c9,1,35.1014,76509.4,35.1014,35.1014,35.1014,0.0,1,1.0,1.0,0.0,1.6055,0.0,0.0,1,,0.0,0,0,2026-03-25T16:40:35,2026-03-25T16:40:35,exchange_depositor,1.0
0x931153bAAc031D055389B41d12Cd32C9Bf0aE7a3,1,160.2,346064.04,160.2,160.2,160.2,0.0,1,0.0,1.0,0.0,0.2992,0.0,0.0,1,,-160.2,0,0,2026-03-25T16:13:59,2026-03-25T16:13:59,unknown_whale,0.3
0x939D0f3FaB29224173c44664A5A5bAf2D92eEB3E,1,61.62,134088.82,61.62,61.62,61.62,0.0,1,0.0,1.0,0.0,0.1028,0.0,0.0,1,,-1.6202,0,0,2026-03-25T16:53:35,2026-03-25T16:53:35,unknown_whale,0.3
0x957E9538d2aF585D1B8f25968902f34Ba332195b,1,34.5,75055.1,34.5,34.5,34.5,0.0,1,0.0,1.0,0.0,0.1413,0.0,0.0,1,,-34.5,0,0,2026-03-25T16:28:47,2026-03-25T16:28:47,unknown_whale,0.3
0x963737C550E70FFe4D59464542a28604eDb2eF9a,2,27.9424,60486.48,13.9712,13.9712,15.7963,1.8251,2,0.0,0.5653,0.0,0.6976,0.4024,0.0,1,0.21,-27.9424,63,0,2026-03-25T16:10:59,2026-03-25T16:23:35,unknown_whale,0.3
0x9642b23Ed1E01Df1092B92641051881a322F5D4E,2,76.1017,165693.26,38.0508,38.0508,41.0003,2.9494,2,0.0,0.5388,0.0,1.1327,0.0,0.0,1,0.11,-76.1017,33,0,2026-03-25T16:27:35,2026-03-25T16:34:11,unknown_whale,0.3
0x9680442eE0F876CdF3a122b07DC77021e08705E5,1,24.0,0.0,24.0,24.0,24.0,0.0,1,0.0,1.0,0.0,1.5193,0.0,0.0,1,,-24.0,0,0,2026-03-25T17:43:11,2026-03-25T17:43:11,unknown_whale,0.3
0x9696f59E4d72E237BE84fFD425DCaD154Bf96976,7,588.4706,1279944.28,84.0672,31.9253,398.9698,129.4423,5,0.0,0.678,0.0,1.1086,0.0183,0.8631,1,0.2672,-588.4706,480,1,2026-03-25T16:06:11,2026-03-25T17:42:23,exchange_depositor,0.0
0x98c6B1025338dfD6E38bD4Ff6d4e696ba54665F0,1,50000.0,108821500.0,50000.0,50000.0,50000.0,0.0,1,0.0,1.0,0.0,0.0869,0.0,0.0,1,,0.0,0,0,2026-03-25T16:55:23,2026-03-25T16:55:23,accumulator,0.8285714285714286
0x9C69AabE81582B2D329b9D61EB9e9e2d9bF51d9e,1,40.0194,87099.49,40.0194,40.0194,40.0194,0.0,1,0.0,1.0,0.0,2.0788,0.0,0.0,1,,-0.0195,0,0,2026-03-25T16:55:23,2026-03-25T16:55:23,unknown_whale,0.3
0x9CC1db54bfacDF07C00Dc77e1634D25f7e0CD56B,1,299.0,647711.74,299.0,299.0,299.0,0.0,1,0.0,1.0,0.0,1.8332,0.0,0.0,1,,-299.0,0,0,2026-03-25T17:29:35,2026-03-25T17:29:35,unknown_whale,0.3
0x9E7523e01Db7d1C821406De5af0da0dA23B6D03D,1,14.81,32030.46,14.81,14.81,14.81,0.0,1,0.0,1.0,0.0,0.1644,0.0,0.0,1,,-14.81,0,0,2026-03-25T16:07:23,2026-03-25T16:07:23,unknown_whale,0.3
0x9F4E5bC9F391dE5c824bD0d065FA716663c91BA3,1,27.0,58510.06,27.0,27.0,27.0,0.0,1,1.0,1.0,0.0,0.305,0.0,0.0,1,,0.0,0,0,2026-03-25T17:42:47,2026-03-25T17:42:47,exchange_depositor,1.0
0x9b0c45d46D386cEdD98873168C36efd0DcBa8d46,1,183.8291,400313.55,183.8291,183.8291,183.8291,0.0,1,0.0,1.0,0.0,0.1159,0.0,0.0,1,,-79.3303,0,0,2026-03-25T16:36:47,2026-03-25T16:36:47,unknown_whale,0.3
0x9bDcDE4AE9aa06e1F8ee153735F232b666d5C877,1,11.627,25331.74,11.627,11.627,11.627,0.0,1,0.0,1.0,0.0,0.1154,0.0,0.0,1,,8.373,0,0,2026-03-25T16:42:47,2026-03-25T16:42:47,accumulator,0.8285714285714286
0x9d9cE81f723A812ceb961DbbFcF6588e2aB1D647,2,24.8307,53820.05,12.4153,12.4153,14.4253,2.01,1,0.0,1.0,0.0,0.5529,0.421,0.0,1,0.3533,-24.8307,106,0,2026-03-25T16:09:47,2026-03-25T16:30:59,unknown_whale,0.3
0xA090e606E30bD747d4E6245a1517EbE430F0057e,4,58.2824,126573.69,14.5706,14.6799,17.7999,2.4813,1,0.0,1.0,0.0,1.0,0.0,0.8113,1,0.3744,-58.2824,336,0,2026-03-25T16:30:23,2026-03-25T17:37:47,unknown_whale,0.3
0xA26148AE51fa8E787DF319C04137602Cc018b521,2,42.5515,92056.99,21.2757,21.2757,21.6563,0.3806,1,0.0,1.0,0.0,0.1308,0.0051,1.0,1,1.0533,-42.5515,315,0,2026-03-25T16:15:59,2026-03-25T17:19:11,unknown_whale,0.3
0xA2e36D8d4B363683B00699592Ccedd4f25b2E12C,1,205.2354,443347.47,205.2354,205.2354,205.2354,0.0,1,1.0,1.0,0.0,0.3096,0.0,0.0,1,,0.0,0,0,2026-03-25T16:12:59,2026-03-25T16:12:59,exchange_depositor,1.0
0xA36e9d7CF6C7B513d46C7243125952888F415eB4,1,10.74,23340.17,10.74,10.74,10.74,0.0,1,0.0,1.0,0.0,1.5937,0.0,0.0,1,,-10.74,0,0,2026-03-25T17:27:11,2026-03-25T17:27:11,unknown_whale,0.3
0xA5995359b9941E060e366B4Ee3ebB6A9f47649be,2,642.1018,1398534.4,321.0509,321.0509,500.0,178.9491,1,0.0,1.0,0.5,0.2608,0.0306,0.0,1,0.21,-642.1018,63,0,2026-03-25T16:31:11,2026-03-25T16:43:47,unknown_whale,0.3
0xA934827105D7527C944c4E79e4f70B6e4D62D959,1,11.0,23950.08,11.0,11.0,11.0,0.0,1,0.0,1.0,0.0,0.3989,0.0,0.0,1,,-11.0,0,0,2026-03-25T16:44:35,2026-03-25T16:44:35,unknown_whale,0.3
0xA9Ac43f5b5e38155A288d1A01D2cbc4478E14573,4,433.2964,941373.82,108.3241,17.0315,387.6953,161.323,4,0.0,0.8948,0.25,1.6824,0.3825,0.0,1,0.2967,1671.0378,267,0,2026-03-25T16:06:35,2026-03-25T16:59:59,accumulator,0.5285714285714286
0xAe725d67C4d7206405dF5FB6450946df140158C8,1,13.0,28061.41,13.0,13.0,13.0,0.0,1,0.0,1.0,0.0,1.0873,0.0,0.0,1,,-13.0,0,0,2026-03-25T16:14:35,2026-03-25T16:14:35,unknown_whale,0.3
0xB028b84783A0381D51Dcf0e8ef04b5e502958618,1,17.499,37795.92,17.499,17.499,17.499,0.0,1,0.0,1.0,0.0,1.5969,0.0,0.0,1,,-17.499,0,0,2026-03-25T16:15:47,2026-03-25T16:15:47,unknown_whale,0.3
0xB042f2b72F03c32b2A1E4ae7ad28E087d5e63791,1,12.068,26189.01,12.068,12.068,12.068,0.0,1,0.0,1.0,0.0,2.1103,0.0,0.0,1,,-12.068,0,0,2026-03-25T17:09:35,2026-03-25T17:09:35,unknown_whale,0.3
0xB25615bd021D662Ce2b2E6cA180C1Fe4574be35A,1,39.2201,84780.06,39.2201,39.2201,39.2201,0.0,1,0.0,1.0,0.0,1.0,0.0,0.0,1,,0.0022,0,0,2026-03-25T16:10:59,2026-03-25T16:10:59,accumulator,0.8285714285714286
0xB87693852832f1aFdA946fA5760772b10F5A5264,1,35.35,76956.94,35.35,35.35,35.35,0.0,1,1.0,1.0,0.0,0.3223,0.0,0.0,1,,0.0,0,0,2026-03-25T16:35:59,2026-03-25T16:35:59,exchange_depositor,1.0
0xB88909ce5a347a4e3323fb0d0b0F432D36e5E7d3,1,64.99,141118.64,64.99,64.99,64.99,0.0,1,0.0,1.0,0.0,2.1367,0.0,0.0,1,,-64.99,0,0,2026-03-25T17:04:23,2026-03-25T17:04:23,unknown_whale,0.3
0xBC4e3963A1d20Bc2c165bA31FFaa43E0311f2b8e,2,111.3153,242293.81,55.6577,55.6577,61.6235,5.9658,2,0.0,0.5536,0.5,0.0982,0.0188,0.0,1,0.3367,-111.3153,101,0,2026-03-25T16:36:23,2026-03-25T16:56:35,unknown_whale,0.3
0xBC8A0f5E41857292D12Ef620e2a5895ce65A5Ce0,1,634.0007,1372865.01,634.0007,634.0007,634.0007,0.0,1,0.0,1.0,0.0,0.7257,0.0,0.0,1,,-0.0007,0,0,2026-03-25T17:17:47,2026-03-25T17:17:47,unknown_whale,0.3
0xBEa9f7FD27f4EE20066F18DEF0bc586eC221055A,1,13.4324,29271.91,13.4324,13.4324,13.4324,0.0,1,0.0,1.0,0.0,0.1331,0.0,0.0,1,,-13.4324,0,0,2026-03-25T16:32:59,2026-03-25T16:32:59,unknown_whale,0.3
0xBF23639776FC5adA60c843004b3cdcde6B5549cC,1,27.8,60325.07,27.8,27.8,27.8,0.0,1,0.0,1.0,0.0,2.1159,0.0,0.0,1,,0.0,0,0,2026-03-25T17:08:23,2026-03-25T17:08:23,accumulator,0.8285714285714286
0xBF945D434719DFc0346FC3174f51FBD767cb0D6d,1,10.885,23550.41,10.885,10.885,10.885,0.0,1,0.0,1.0,0.0,2.0968,0.0,0.0,1,,-10.885,0,0,2026-03-25T16:22:11,2026-03-25T16:22:11,unknown_whale,0.3
0xBcffcF02fBE6b6519Ab34A5c8080d3341488F8B1,1,49.6919,108427.64,49.6919,49.6919,49.6919,0.0,1,0.0,1.0,1.0,1.0,0.0,0.0,1,,0.0,0,0,2026-03-25T16:38:11,2026-03-25T16:38:11,accumulator,0.8285714285714286
0xC08ac3aB7a9Df0E095a153C4b80D929edA5460F2,1,20.0,43464.0,20.0,20.0,20.0,0.0,1,0.0,1.0,1.0,2.0969,0.0,0.0,1,,-20.0,0,0,2026-03-25T17:27:47,2026-03-25T17:27:47,unknown_whale,0.3
0xC0ffeEBABE5D496B2DDE509f9fa189C25cF29671,2,54.2534,118095.23,27.1267,27.1267,27.1492,0.0225,1,0.0,1.0,0.0,0.1192,0.0197,0.0,1,0.2133,0.0,64,0,2026-03-25T16:33:11,2026-03-25T16:45:59,accumulator,0.7285714285714286
0xC1908A4ff8A53063Fc9398B57674d74B2Dc5ba52,1,32.0,69587.2,32.0,32.0,32.0,0.0,1,0.0,1.0,0.0,3.1032,0.0,0.0,1,,-32.0,0,0,2026-03-25T17:01:11,2026-03-25T17:01:11,unknown_whale,0.3
0xC333E80eF2deC2805F239E3f1e810612D294F771,1,1000.0,2163670.0,1000.0,1000.0,1000.0,0.0,1,0.0,1.0,1.0,0.107,0.0,0.0,1,,-1000.0,0,0,2026-03-25T17:41:59,2026-03-25T17:41:59,unknown_whale,0.3
0xC44b7316936E2F004E688fD53a95e060Df1811C3,2,64.0,138573.76,32.0,32.0,32.0,0.0,1,0.0,1.0,0.0,0.0906,0.0048,1.0,1,1.1867,-64.0,355,0,2026-03-25T16:19:35,2026-03-25T17:30:47,unknown_whale,0.3
0xC818ceb6A2453B59973C561E742397f9DCbA0E8C,1,299.0,646736.9,299.0,299.0,299.0,0.0,1,0.0,1.0,0.0,2.0881,0.0,0.0,1,,0.0,0,0,2026-03-25T17:36:23,2026-03-25T17:36:23,accumulator,0.8285714285714286
0xC90785F0EC3e4813934A9E6EDDFb416cBd1E1AFD,1,13.79,29958.68,13.79,13.79,13.79,0.0,1,0.0,1.0,0.0,2.0922,0.0,0.0,1,,0.0,0,0,2026-03-25T16:50:23,2026-03-25T16:50:23,accumulator,0.8285714285714286
0xC94eBB328aC25b95DB0E0AA968371885Fa516215,2,30.8836,66913.84,15.4418,15.4418,17.9275,2.4857,2,0.0,0.5805,0.0,0.1473,0.0105,1.0,1,0.8867,11.6678,265,0,2026-03-25T16:13:11,2026-03-25T17:06:23,accumulator,0.7285714285714286
0xCAceBc09EE91fE63071F261F8bfe74A99cA7Ef70,3,46.9538,101656.45,15.6513,15.99,18.0,2.0699,1,0.0,1.0,0.0,0.1322,0.0178,0.9183,1,0.7883,-15.0918,472,0,2026-03-25T16:05:59,2026-03-25T17:40:35,unknown_whale,0.3
0xCD531Ae9EFCCE479654c4926dec5F6209531Ca7b,1,4228.877,9186812.39,4228.877,4228.877,4228.877,0.0,1,0.0,1.0,0.0,0.1184,0.0,0.0,1,,-62.2977,0,0,2026-03-25T16:24:11,2026-03-25T16:24:11,unknown_whale,0.3
0xCD98E8f18C0540AECBCdadF421C45bcF022Cb4d2,1,13.2628,28914.87,13.2628,13.2628,13.2628,0.0,1,0.0,1.0,0.0,0.1236,0.0,0.0,1,,-13.2628,0,0,2026-03-25T16:39:35,2026-03-25T16:39:35,unknown_whale,0.3
0xCFFAd3200574698b78f32232aa9D63eABD290703,2,14155.0,30802129.3,7077.5,7077.5,7155.0,77.5,1,0.0,1.0,0.0,0.107,0.0,0.0,1,0.0033,-13190.0,1,0,2026-03-25T16:53:35,2026-03-25T16:53:47,unknown_whale,0.3
0xD13F9ABd9e061A977026040958008493e063012c,1,19.8631,42907.97,19.8631,19.8631,19.8631,0.0,1,0.0,1.0,1.0,0.107,0.0,0.0,1,,0.0,0,0,2026-03-25T16:12:35,2026-03-25T16:12:35,accumulator,0.8285714285714286
0xD417580508091977a49C5324E74296b981346D5F,1,53.0157,115556.65,53.0157,53.0157,53.0157,0.0,1,0.0,1.0,0.0,1.0,0.0,0.0,1,,0.0,0,0,2026-03-25T16:40:23,2026-03-25T16:40:23,accumulator,0.8285714285714286
0xD501111a24c33B11de74BFd7B13314876D7001d9,1,46.7518,101643.01,46.7518,46.7518,46.7518,0.0,1,0.0,1.0,0.0,1.1062,0.0,0.0,1,,-46.7518,0,0,2026-03-25T16:51:11,2026-03-25T16:51:11,unknown_whale,0.3
0xD886E890C05Bec13a3164891A6227E2F25f1F0E7,2,312.3423,677998.29,156.1712,156.1712,297.33,141.1588,2,0.0,0.9519,0.0,0.1113,0.0053,1.0,1,1.0033,652.9173,300,0,2026-03-25T16:12:35,2026-03-25T17:12:47,accumulator,0.7285714285714286
0xDB044B8298E04D442FdBE5ce01B8cc8F77130e33,1,44.9998,97994.37,44.9998,44.9998,44.9998,0.0,1,0.0,1.0,0.0,0.1404,0.0,0.0,1,,-44.9998,0,0,2026-03-25T16:34:23,2026-03-25T16:34:23,unknown_whale,0.3
0xDFd5293D8e347dFe59E90eFd55b2956a1343963d,6,3896.4734,8471262.02,649.4122,678.9099,1447.0,513.2416,6,0.0,0.3714,0.1667,1.1151,0.0164,0.9183,1,0.1387,-3896.4734,207,1,2026-03-25T16:26:35,2026-03-25T17:08:11,exchange_depositor,0.0
0xDf2eC06a76c8087F237048fe2D337c39280AC842,1,172.2,373226.28,172.2,172.2,172.2,0.0,1,0.0,1.0,0.0,0.6035,0.0,0.0,1,,5.4856,0,0,2026-03-25T17:18:47,2026-03-25T17:18:47,accumulator,0.8285714285714286
0xE0f3e36dbdFa9696B7bcb0D3313522a0bb28D5F4,1,14.7964,32203.28,14.7964,14.7964,14.7964,0.0,1,0.0,1.0,0.0,0.0775,0.0,0.0,1,,0.0001,0,0,2026-03-25T16:55:59,2026-03-25T16:55:59,accumulator,0.8285714285714286
0xE109DC13eED85411dE8638dCb7F0Bbfd7082534E,1,32.0,69626.88,32.0,32.0,32.0,0.0,1,0.0,1.0,0.0,3.0788,0.0,0.0,1,,-32.0,0,0,2026-03-25T16:56:11,2026-03-25T16:56:11,unknown_whale,0.3
0xE15617911a4DC96A5D0d7c323fC593d382549060,1,149.975,326537.57,149.975,149.975,149.975,0.0,1,0.0,1.0,1.0,0.104,0.0,0.0,1,,-149.975,0,0,2026-03-25T16:44:47,2026-03-25T16:44:47,unknown_whale,0.3
0xE5c6190894Bd8832f904f6678f03D3959D481F0B,1,391.86,850054.06,391.86,391.86,391.86,0.0,1,0.0,1.0,0.0,0.1024,0.0,0.0,1,,-0.66,0,0,2026-03-25T17:22:23,2026-03-25T17:22:23,unknown_whale,0.3
0xE7f1c19c6535B42351561b8fa4c8B43098952cf1,1,191.7849,416196.35,191.7849,191.7849,191.7849,0.0,1,0.0,1.0,0.0,2.1144,0.0,0.0,1,,0.0,0,0,2026-03-25T17:09:59,2026-03-25T17:09:59,accumulator,0.8285714285714286
0xE9503369BC8A2fd804f75376b48cAE1232bDb4a0,1,100.0,217409.95,100.0,100.0,100.0,0.0,1,1.0,1.0,1.0,1.0,0.0,0.0,1,,0.0,0,0,2026-03-25T16:51:59,2026-03-25T16:51:59,exchange_depositor,1.0
0xEA71381bD80E09dCEbfD26ED06a989d3083a9900,1,21.44,46444.85,21.44,21.44,21.44,0.0,1,1.0,1.0,0.0,0.2914,0.0,0.0,1,,0.0,0,0,2026-03-25T17:30:11,2026-03-25T17:30:11,exchange_depositor,1.0
0xEADB3840596cabF312F2bC88A4Bb0b93A4E1FF5F,1,20.0,43461.8,20.0,20.0,20.0,0.0,1,0.0,1.0,1.0,0.6044,0.0,0.0,1,,-20.0,0,0,2026-03-25T16:47:23,2026-03-25T16:47:23,unknown_whale,0.3
0xEB62684EBd086509e32035e8D7633DD30450DeCF,1,32.0,69557.12,32.0,32.0,32.0,0.0,1,0.0,1.0,0.0,3.0712,0.0,0.0,1,,-32.0,0,0,2026-03-25T16:59:47,2026-03-25T16:59:47,unknown_whale,0.3
0xEF8dD30f0556Ae866CB7cdCDd376f999BAd03Ee9,1,22.693,49424.04,22.693,22.693,22.693,0.0,1,0.0,1.0,0.0,0.1244,0.0,0.0,1,,0.0,0,0,2026-03-25T16:43:23,2026-03-25T16:43:23,accumulator,0.8285714285714286
0xEF9a10bc3972445Ceb890A5dBcDE6726c671d06A,1,99.205,214818.5,99.205,99.205,99.205,0.0,1,0.0,1.0,1.0,0.1253,0.0,0.0,1,,-0.1073,0,0,2026-03-25T17:17:11,2026-03-25T17:17:11,unknown_whale,0.3
0xEae7380dD4CeF6fbD1144F49E4D1e6964258A4F4,3,2458.5997,5334209.28,819.5332,969.9998,1391.9999,539.4413,1,1.0,1.0,0.0,0.299,0.012,0.9183,1,0.5383,0.0001,322,0,2026-03-25T16:22:59,2026-03-25T17:27:35,exchange_depositor,1.0
0xEbA88149813BEc1cCcccFDb0daCEFaaa5DE94cB1,2,33.3636,72551.2,16.6818,16.6818,16.7336,0.0518,1,0.0,1.0,0.0,1.0,0.0,1.0,1,0.1033,-8.8244,30,0,2026-03-25T16:56:47,2026-03-25T17:02:59,unknown_whale,0.3
0xEc00F1C8F89FD78841bE0488370cdb905861C488,1,11.465,24869.44,11.465,11.465,11.465,0.0,1,0.0,1.0,0.0,2.0,0.0,0.0,1,,-11.465,0,0,2026-03-25T17:21:35,2026-03-25T17:21:35,unknown_whale,0.3
0xEcBAc8014B1Dcf9594dAb517e9f33715D069FF39,1,137.99,299606.63,137.99,137.99,137.99,0.0,1,0.0,1.0,0.0,1.0,0.0,0.0,1,,0.0,0,0,2026-03-25T17:12:11,2026-03-25T17:12:11,accumulator,0.8285714285714286
0xEe312A56188C00235e88b540ABc36CFc64d06B90,1,12.7866,27708.92,12.7866,12.7866,12.7866,0.0,1,0.0,1.0,0.0,0.0993,0.0,0.0,1,,-12.7866,0,0,2026-03-25T16:23:47,2026-03-25T16:23:47,unknown_whale,0.3
0xF51710015536957A01f32558402902A2D9c35d82,2,329.775,716389.27,164.8875,164.8875,191.785,26.8975,2,0.0,0.5816,0.0,0.2794,0.0141,0.0,1,0.1433,-329.775,43,0,2026-03-25T17:02:35,2026-03-25T17:11:11,unknown_whale,0.3
0xF55fb80ff65fcb5Fd495187255710f6515917D46,2,44.399,96656.59,22.1995,22.1995,23.052,0.8525,1,0.0,1.0,0.0,0.1395,0.0031,0.0,1,0.0067,0.0,2,0,2026-03-25T16:35:23,2026-03-25T16:35:47,accumulator,0.7285714285714286
0xF7698b47a3897AB4d3Fb25940849D11C24Be0c28,1,15.8398,34217.04,15.8398,15.8398,15.8398,0.0,1,0.0,1.0,0.0,0.1096,0.0,0.0,1,,-15.8398,0,0,2026-03-25T16:12:47,2026-03-25T16:12:47,unknown_whale,0.3
0xF7b546e995D2693328A4c1A8E299417ED3279178,1,10.3463,22437.61,10.3463,10.3463,10.3463,0.0,1,0.0,1.0,0.0,0.1906,0.0,0.0,1,,-10.3463,0,0,2026-03-25T17:28:11,2026-03-25T17:28:11,unknown_whale,0.3
0xFC1912C251d6A13cA907cd4e4717bdC1F14696Cd,1,40.0,86342.8,40.0,40.0,40.0,0.0,1,0.0,1.0,0.0,0.09,0.0,0.0,1,,-40.0,0,0,2026-03-25T16:14:35,2026-03-25T16:14:35,unknown_whale,0.3
0xFE6Ba2CFa93BF42C66663Ddd167498c2153dd7a4,1,13.2711,28759.02,13.2711,13.2711,13.2711,0.0,1,0.0,1.0,0.0,0.1539,0.0,0.0,1,,-13.2711,0,0,2026-03-25T17:42:11,2026-03-25T17:42:11,unknown_whale,0.3
0xa03400E098F4421b34a3a44A1B4e571419517687,4,333.6798,721965.2,83.42,46.3449,210.0,73.9822,4,0.0,0.6293,0.0,0.1511,0.0271,0.8113,1,0.4578,-166.025,410,0,2026-03-25T16:04:11,2026-03-25T17:26:35,unknown_whale,0.3
0xa1abfA21f80ecf401bd41365adBb6fEF6fEfDF09,3,104.6122,227473.24,34.8707,31.899,50.0,11.3362,3,0.0,0.478,0.3333,2.1121,0.0042,0.0,1,0.2217,-76.8122,133,0,2026-03-25T16:17:11,2026-03-25T16:43:47,unknown_whale,0.3
0xa29E963992597B21bcDCaa969d571984869C4FF5,1,22.16,48186.7,22.16,22.16,22.16,0.0,1,0.0,1.0,0.0,0.0933,0.0,0.0,1,,369.7,0,0,2026-03-25T16:48:47,2026-03-25T16:48:47,accumulator,0.8285714285714286
0xa2C3D228722D48D1Afa90F9C05bae5C52cA878B6,1,21.74,46940.36,21.74,21.74,21.74,0.0,1,0.0,1.0,0.0,0.1231,0.0,0.0,1,,-21.74,0,0,2026-03-25T16:05:11,2026-03-25T16:05:11,unknown_whale,0.3
0xa3c7567Ddd3D2ecBc8AC41c249c4fBE41BE66cD6,1,19.4234,42087.32,19.4234,19.4234,19.4234,0.0,1,0.0,1.0,0.0,2.0964,0.0,0.0,1,,-19.4234,0,0,2026-03-25T17:19:47,2026-03-25T17:19:47,unknown_whale,0.3
0xa80FB9a5056660a1e5080381E3FA425B72A1B556,1,100.0,217668.0,100.0,100.0,100.0,0.0,1,0.0,1.0,1.0,1.2012,0.0,0.0,1,,-100.0,0,0,2026-03-25T16:26:35,2026-03-25T16:26:35,unknown_whale,0.3
0xa85fb589F2b3804eC2580Bc90Dfb3adA0dD2E201,1,11.4942,25000.34,11.4942,11.4942,11.4942,0.0,1,0.0,1.0,0.0,2.0816,0.0,0.0,1,,-11.4942,0,0,2026-03-25T17:00:11,2026-03-25T17:00:11,unknown_whale,0.3
0xaB4238AfB54497DB41Edd5601327eDE78A038ECE,1,15.0,0.0,15.0,15.0,15.0,0.0,1,0.0,1.0,0.0,1.6046,0.0,0.0,1,,-15.0,0,0,2026-03-25T17:43:11,2026-03-25T17:43:11,unknown_whale,0.3
0xaE9F3543466D60535A31D353458C9744E9e7f2d9,1,64.9999,141134.2,64.9999,64.9999,64.9999,0.0,1,0.0,1.0,0.0,0.7384,0.0,0.0,1,,-0.0099,0,0,2026-03-25T17:06:59,2026-03-25T17:06:59,unknown_whale,0.3
0xaFA319451333eDB102F196B1D07169f0B9242a04,1,3288.6914,7115281.09,3288.6914,3288.6914,3288.6914,0.0,1,0.0,1.0,0.0,0.195,0.0,0.0,1,,1211.3086,0,0,2026-03-25T16:22:23,2026-03-25T16:22:23,accumulator,0.8285714285714286
0xacC2A7f428A0DE998E8B57aEE28b95E496C59931,1,24.4256,52765.82,24.4256,24.4256,24.4256,0.0,1,0.0,1.0,0.0,0.1115,0.0,0.0,1,,-24.4256,0,0,2026-03-25T16:03:59,2026-03-25T16:03:59,unknown_whale,0.3
0xad6eaa735D9dF3D7696fd03984379dAE02eD8862,1,35.2616,76406.18,35.2616,35.2616,35.2616,0.0,1,0.0,1.0,0.0,1.0,0.0,0.0,1,,-35.2616,0,0,2026-03-25T17:19:59,2026-03-25T17:19:59,unknown_whale,0.3
0xb0B5dFfD34A2886A722Cb81295Ab46454C817Ab7,1,398.0,867699.7,398.0,398.0,398.0,0.0,1,0.0,1.0,0.0,0.2129,0.0,0.0,1,,-398.0,0,0,2026-03-25T16:39:35,2026-03-25T16:39:35,unknown_whale,0.3
0xb334A61a6209F14b5fA5f1684a4eD7621f66e1eF,1,14.34,31152.5,14.34,14.34,14.34,0.0,1,0.0,1.0,0.0,1.0774,0.0,0.0,1,,-14.34,0,0,2026-03-25T17:25:59,2026-03-25T17:25:59,unknown_whale,0.3
0xb4560bC7E7B702EfD707E1Ed5f99571788466cc9,1,15.0,32569.5,15.0,15.0,15.0,0.0,1,0.0,1.0,0.0,1.1328,0.0,0.0,1,,-15.0,0,0,2026-03-25T17:06:47,2026-03-25T17:06:47,unknown_whale,0.3
0xb46a0f71fDEd6ceb00B1c9278E0AC7E22C242DF5,1,71.3481,154559.21,71.3481,71.3481,71.3481,0.0,1,1.0,1.0,0.0,0.2914,0.0,0.0,1,,-8.3981,0,0,2026-03-25T17:30:11,2026-03-25T17:30:11,exchange_depositor,1.0
0xb5d85CBf7cB3EE0D56b3bB207D5Fc4B82f43F511,6,7467.0877,16212774.43,1244.5146,981.0747,2836.9501,1219.9234,4,0.9756,0.9756,0.0,1.0,0.0,0.9183,1,0.3073,-3793.792,460,0,2026-03-25T16:08:35,2026-03-25T17:40:47,exchange_depositor,0.9756
0xb6494C96bA5752725772ea28e58dE99291eD2a88,4,128.0,277092.16,32.0,32.0,32.0,0.0,1,0.0,1.0,0.0,2.2044,0.0178,0.0,1,0.1167,-128.0,104,0,2026-03-25T16:05:23,2026-03-25T16:26:23,unknown_whale,0.3
0xbb42AB6984a6635a9266a7fEE6f3ad5162a294c2,1,100.4633,217966.11,100.4633,100.4633,100.4633,0.0,1,0.0,1.0,1.0,0.109,0.0,0.0,1,,0.0,0,0,2026-03-25T17:20:11,2026-03-25T17:20:11,accumulator,0.8285714285714286
0xbcd986563ba93Af5c6c92b16AB06E843a281a4A9,3,123.0493,267020.41,41.0164,34.4093,55.62,10.3418,1,0.0,1.0,0.0,0.4651,0.0306,0.9183,1,0.6683,-35.8393,400,0,2026-03-25T16:06:59,2026-03-25T17:27:11,unknown_whale,0.3
0xbedFe3ca3ea076822b526E6053c7Df0016b58E7f,5,89.0,193399.17,17.8,18.0,21.0,2.4819,1,0.0,1.0,0.2,0.1716,0.0172,0.971,1,0.0608,0.0,72,0,2026-03-25T16:58:23,2026-03-25T17:12:59,accumulator,0.4285714285714286
0xc1b8b0571666e8753879550619Ea627262021e31,1,10.44,22595.61,10.44,10.44,10.44,0.0,1,0.0,1.0,0.0,2.099,0.0,0.0,1,,-10.44,0,0,2026-03-25T17:40:11,2026-03-25T17:40:11,unknown_whale,0.3
0xc1c4a5c41b62989ACDBB9A11Bbab668158f5D481,3,38.5301,83693.21,12.8434,13.0857,13.1527,0.391,1,0.0,1.0,0.0,1.1062,0.0155,0.9183,1,0.4583,-38.5301,274,0,2026-03-25T16:34:47,2026-03-25T17:29:47,unknown_whale,0.3
0xc25638F5Cd1A9c36ACb8967052e12b75bEFa9EB7,1,15.5612,33887.02,15.5612,15.5612,15.5612,0.0,1,0.0,1.0,0.0,34.0,0.0,0.0,1,,-15.5612,0,0,2026-03-25T16:34:35,2026-03-25T16:34:35,unknown_whale,0.3
0xc7bf35C9A3Bdd1B1c19A6963De669cb45191A019,1,128.0,278873.55,128.0,128.0,128.0,0.0,1,1.0,1.0,0.0,1.0,0.0,0.0,1,,0.0,0,0,2026-03-25T16:42:35,2026-03-25T16:42:35,exchange_depositor,1.0
0xc80Afd311c9626528De66D86814770361Fe92416,1,12.0,26115.12,12.0,12.0,12.0,0.0,1,0.0,1.0,0.0,4.875,0.0,0.0,1,,-12.0,0,0,2026-03-25T16:30:47,2026-03-25T16:30:47,unknown_whale,0.3
0xc9Ccc4d18D3ca22da322a875b620156e7eeAdFcE,1,12.8,27670.14,12.8,12.8,12.8,0.0,1,0.0,1.0,0.0,1.0825,0.0,0.0,1,,0.2,0,0,2026-03-25T16:20:47,2026-03-25T16:20:47,accumulator,0.8285714285714286
0xcC0e671830B21D2583aEd6911b4E6f30c3D314bA,1,20.5641,44565.25,20.5641,20.5641,20.5641,0.0,1,0.0,1.0,0.0,2.1905,0.0,0.0,1,,-20.5641,0,0,2026-03-25T17:31:59,2026-03-25T17:31:59,unknown_whale,0.3
0xcCBC68D8955F6889837f2311b05d3552c4211567,1,868.819,1889707.29,868.819,868.819,868.819,0.0,1,0.0,1.0,0.0,2.0,0.0,0.0,1,,0.0004,0,0,2026-03-25T17:00:23,2026-03-25T17:00:23,accumulator,0.8285714285714286
0xcD38c2795253643C57F2aE1a794Db927e55Afa14,1,100.8429,219460.3,100.8429,100.8429,100.8429,0.0,1,1.0,1.0,1.0,0.315,0.0,0.0,1,,-100.8429,0,0,2026-03-25T16:30:35,2026-03-25T16:30:35,exchange_depositor,1.0
0xcDd37Ada79F589c15bD4f8fD2083dc88E34A2af2,1,12.0,26030.04,12.0,12.0,12.0,0.0,1,0.0,1.0,0.0,3.1135,0.0,0.0,1,,-12.0,0,0,2026-03-25T17:21:23,2026-03-25T17:21:23,unknown_whale,0.3
0xd5714aC83241E8845a3917aAB69b06Ee0A4C609D,1,39.02,84452.15,39.02,39.02,39.02,0.0,1,1.0,1.0,0.0,1.0,0.0,0.0,1,,-39.02,0,0,2026-03-25T17:40:47,2026-03-25T17:40:47,exchange_depositor,1.0
0xd673439629886907Ad46e25CC23f169EFc25626a,1,132.0569,286946.46,132.0569,132.0569,132.0569,0.0,1,0.0,1.0,0.0,0.5005,0.0,0.0,1,,-0.0002,0,0,2026-03-25T16:46:47,2026-03-25T16:46:47,unknown_whale,0.3
0xd7cb8aA846e460628B773b1d53c9D04273E1B6f0,1,44.9999,97876.04,44.9999,44.9999,44.9999,0.0,1,0.0,1.0,0.0,0.1406,0.0,0.0,1,,-0.0,0,0,2026-03-25T17:00:59,2026-03-25T17:00:59,accumulator,0.8285714285714286
0xd903dAbc9c56209De4BC2949CFcD11fFd70a6c1D,1,13.26,28732.3,13.26,13.26,13.26,0.0,1,0.0,1.0,0.0,0.122,0.0,0.0,1,,0.0028,0,0,2026-03-25T17:15:35,2026-03-25T17:15:35,accumulator,0.8285714285714286
0xd907e9485542BD74a84e875BEEeF462a469Ab3Cb,1,10.1994,22221.51,10.1994,10.1994,10.1994,0.0,1,0.0,1.0,0.0,1.1449,0.0,0.0,1,,-10.1994,0,0,2026-03-25T16:42:11,2026-03-25T16:42:11,unknown_whale,0.3
0xdDa951703f9CB550925c2015c53614521a36F968,1,100.0,217847.0,100.0,100.0,100.0,0.0,1,0.0,1.0,1.0,0.1252,0.0,0.0,1,,0.0,0,0,2026-03-25T16:31:23,2026-03-25T16:31:23,accumulator,0.8285714285714286
0xdf3288F9E54809C97eDaBDEb8f0c3c26Ce0f5192,1,384.0,829543.68,384.0,384.0,384.0,0.0,1,0.0,1.0,0.0,0.2262,0.0,0.0,1,,-384.0,0,0,2026-03-25T16:03:23,2026-03-25T16:03:23,unknown_whale,0.3
0xe02cFF66139FdbF60A7e05F7Ce82cA657540AD6F,2,798.7897,1738637.3,399.3948,399.3948,399.8199,0.425,1,1.0,1.0,0.0,1.0444,0.0444,0.0,1,0.0467,0.0,14,0,2026-03-25T16:27:35,2026-03-25T16:30:23,exchange_depositor,1.0
0xe28113096C4E8576B02da1b06EE1b89C8FC91e3A,1,13.2347,28814.53,13.2347,13.2347,13.2347,0.0,1,0.0,1.0,0.0,0.1162,0.0,0.0,1,,-13.2347,0,0,2026-03-25T16:37:47,2026-03-25T16:37:47,unknown_whale,0.3
0xe92e65049b3c2ca12806E9567B08895118c5a03f,1,100.4633,218089.69,100.4633,100.4633,100.4633,0.0,1,0.0,1.0,1.0,0.1063,0.0,0.0,1,,125.2966,0,0,2026-03-25T17:13:11,2026-03-25T17:13:11,accumulator,0.8285714285714286
0xeD8814f81D6271785E8fe087098a6e1Fa35fbDcE,1,1744.624,3788102.16,1744.624,1744.624,1744.624,0.0,1,0.0,1.0,0.0,0.1197,0.0,0.0,1,,-1744.624,0,0,2026-03-25T17:06:23,2026-03-25T17:06:23,unknown_whale,0.3
0xed39859337683D1B64D22dc01B70fFF455E4287b,1,11.9999,26144.13,11.9999,11.9999,11.9999,0.0,1,1.0,1.0,0.0,0.3153,0.0,0.0,1,,0.0001,0,0,2026-03-25T16:42:47,2026-03-25T16:42:47,exchange_depositor,1.0
0xee317719DB4558e983482AEbd834B1430e358EF9,1,10.6,23109.59,10.6,10.6,10.6,0.0,1,0.0,1.0,0.0,0.1191,0.0,0.0,1,,-10.6,0,0,2026-03-25T16:39:35,2026-03-25T16:39:35,unknown_whale,0.3
0xee6CD7B31337207503c5e50B55c829eEb1Ff8a0c,1,21.1483,45829.3,21.1483,21.1483,21.1483,0.0,1,0.0,1.0,0.0,1.0,0.0,0.0,1,,-21.1483,0,0,2026-03-25T17:42:11,2026-03-25T17:42:11,unknown_whale,0.3
0xef5C3dcEE259b5406170ad97FF28023743e4BDd0,1,37.06,80056.64,37.06,37.06,37.06,0.0,1,0.0,1.0,0.0,1.1096,0.0,0.0,1,,-37.06,0,0,2026-03-25T16:12:59,2026-03-25T16:12:59,unknown_whale,0.3
0xf27E6b48403894fcCB4927165dc9D2b499684a0A,1,50.0009,108465.99,50.0009,50.0009,50.0009,0.0,1,1.0,1.0,1.0,0.2952,0.0,0.0,1,,-0.0009,0,0,2026-03-25T17:22:47,2026-03-25T17:22:47,exchange_depositor,1.0
0xf2c9Bf14707ED9819AFA2B064de1dc6DEC91a0bd,1,10.1397,22016.29,10.1397,10.1397,10.1397,0.0,1,0.0,1.0,0.0,0.7384,0.0,0.0,1,,0.0,0,0,2026-03-25T17:06:59,2026-03-25T17:06:59,accumulator,0.8285714285714286
0xf30F8B807F199Daa35695c04eeDAC2702CAc6A47,1,10.0064,21641.45,10.0064,10.0064,10.0064,0.0,1,0.0,1.0,1.0,0.234,0.0,0.0,1,,-10.0064,0,0,2026-03-25T16:07:35,2026-03-25T16:07:35,unknown_whale,0.3
0xf30ba13e4b04Ce5dC4D254Ae5FA95477800F0EB0,7,130.7658,284175.32,18.6808,18.0,26.766,3.7815,3,0.0,0.6806,0.1429,2.1126,0.0182,0.9852,1,0.0878,523.2669,157,0,2026-03-25T16:41:59,2026-03-25T17:13:35,unknown_whale,0.3
0xf3629Bb0F3f93D4e61D77b6206E7277da5400c3B,1,200.0,432712.0,200.0,200.0,200.0,0.0,1,0.0,1.0,1.0,0.5962,0.0,0.0,1,,-200.0,0,0,2026-03-25T16:22:23,2026-03-25T16:22:23,unknown_whale,0.3
0xf584F8728B874a6a5c7A8d4d387C9aae9172D621,4,158.31,343556.94,39.5775,43.605,57.31,18.0319,3,0.0,0.5509,0.0,0.1054,0.006,1.0,1,0.3011,-158.31,270,0,2026-03-25T16:44:11,2026-03-25T17:38:23,unknown_whale,0.3
0xf5e7Ffe523d0491709958490b4877e1D9DE6C6F7,1,75.0,163050.0,75.0,75.0,75.0,0.0,1,0.0,1.0,1.0,2.3711,0.0,0.0,1,,-0.015,0,0,2026-03-25T17:26:11,2026-03-25T17:26:11,unknown_whale,0.3
0xf609a7330a6D7a76d4848A39DDfF25514944BDd6,2,71.0,153859.13,35.5,35.5,41.0,5.5,2,0.0,0.5775,0.5,0.143,0.0008,0.0,1,0.0067,-71.0,2,0,2026-03-25T17:34:23,2026-03-25T17:34:47,unknown_whale,0.3
0xf60c2Ea62EDBfE808163751DD0d8693DCb30019c,1,49.9995,108796.91,49.9995,49.9995,49.9995,0.0,1,0.0,1.0,1.0,1.0822,0.0,0.0,1,,818.8195,0,0,2026-03-25T16:52:47,2026-03-25T16:52:47,accumulator,0.8285714285714286
0xf6D67127e91E7898dEdf3F2495F6564E61906C85,1,20.0,43232.91,20.0,20.0,20.0,0.0,1,0.0,1.0,1.0,2.1222,0.0,0.0,1,,-20.0,0,0,2026-03-25T16:10:47,2026-03-25T16:10:47,unknown_whale,0.3
0xf70da97812CB96acDF810712Aa562db8dfA3dbEF,5,146.2287,317582.63,29.2457,23.5947,74.985,23.4585,4,0.0,0.5128,0.2,0.1794,0.0873,0.971,1,0.1808,-146.2287,216,0,2026-03-25T16:42:11,2026-03-25T17:25:35,unknown_whale,0.3
0xf8191D98ae98d2f7aBDFB63A9b0b812b93C873AA,3,1713.5761,3716321.4,571.192,174.0897,1392.0,580.5005,3,0.0,0.8123,0.0,1.0962,0.0076,0.9183,1,0.22,146.3229,131,0,2026-03-25T16:51:59,2026-03-25T17:18:23,accumulator,0.6285714285714286
0xf88fA332F60386f651D9d3Ab54E16fda9eAe64A6,7,435.7293,948665.46,62.247,64.0,64.0,4.2938,3,0.0,0.5875,0.0,1.4928,0.8887,0.0,1,0.0644,-349.8017,116,0,2026-03-25T16:33:59,2026-03-25T16:57:11,unknown_whale,0.3
0xfFA76719227c5b565FD184301CbEAD798De7a904,1,19.4233,42134.57,19.4233,19.4233,19.4233,0.0,1,0.0,1.0,0.0,2.1035,0.0,0.0,1,,0.0001,0,0,2026-03-25T17:22:11,2026-03-25T17:22:11,accumulator,0.8285714285714286
0xfacC4B4DA738f9AFc634c3BeB7c51fd49DBe5Bb5,1,13.26,28713.2,13.26,13.26,13.26,0.0,1,0.0,1.0,0.0,0.3285,0.0,0.0,1,,0.0,0,0,2026-03-25T17:17:23,2026-03-25T17:17:23,accumulator,0.8285714285714286
